Season,season_id,Team,team_id,Player,player_id,AB,GDP,DP_Rate,stats_url
ALPB- 2021,34146,High Point Rockers,163529,"Mitchell, J",1750253,360,0,0.0,https://baseball.pointstreak.com/team_stats.html?teamid=163529&seasonid=34146
ALPB- 2025,34102,Long Island Ducks,3609,"Roller, C",1745462,360,0,0.0,https://baseball.pointstreak.com/team_stats.html?teamid=3609&seasonid=34102
ALPB- 2021,34146,Southern Maryland Blue Crabs,3608,"Collier, Z",1750064,290,0,0.0,https://baseball.pointstreak.com/team_stats.html?teamid=3608&seasonid=34146
ALPB- 2024,33927,Lexington Legends,163530,"Howell, K",1710926,286,0,0.0,https://baseball.pointstreak.com/team_stats.html?teamid=163530&seasonid=33927
ALPB- 2013,21966,York Revolution,3614,"x Patterson, E",434764,262,0,0.0,https://baseball.pointstreak.com/team_stats.html?teamid=3614&seasonid=21966
ALPB- 2024,33927,Lancaster Stormers,3613,"Hulsizer, N",1695452,257,0,0.0,https://baseball.pointstreak.com/team_stats.html?teamid=3613&seasonid=33927
ALPB- 2023,34162,Staten Island Ferry Hawks,163526,"Pugh, B",1711533,249,0,0.0,https://baseball.pointstreak.com/team_stats.html?teamid=163526&seasonid=34162
ALPB- 2022,34154,Kentucky Wild Health Genomes,165440,"Moorer, D",1697197,220,0,0.0,https://baseball.pointstreak.com/team_stats.html?teamid=165440&seasonid=34154
ALPB- 2022,34154,York Revolution,3614,"Rodriguez, L",1750423,210,0,0.0,https://baseball.pointstreak.com/team_stats.html?teamid=3614&seasonid=34154
ALPB- 2018,31284,Lancaster Barnstormers,3613,"Sandford, D",827312,471,1,0.0021,https://baseball.pointstreak.com/team_stats.html?teamid=3613&seasonid=31284
ALPB- 2015,29210,Sugar Land Skeeters,34136,"Almonte, D",600721,396,1,0.0025,https://baseball.pointstreak.com/team_stats.html?teamid=34136&seasonid=29210
ALPB - 2011,540,Bridgeport Bluefish,3611,"Greenberg, A",45555,379,1,0.0026,https://baseball.pointstreak.com/team_stats.html?teamid=3611&seasonid=540
ALPB- 2013,21966,Somerset Patriots,3604,"Stevens, B",429778,307,1,0.0033,https://baseball.pointstreak.com/team_stats.html?teamid=3604&seasonid=21966
ALPB- 2019,34130,Long Island Ducks,3609,"Fields, D",1115672,287,1,0.0035,https://baseball.pointstreak.com/team_stats.html?teamid=3609&seasonid=34130
ALPB- 2021,34146,High Point Rockers,163529,"Russell, M",1750186,283,1,0.0035,https://baseball.pointstreak.com/team_stats.html?teamid=163529&seasonid=34146
ALPB- 2022,34154,Charleston Dirty Birds,163527,"Heath, N",1750863,261,1,0.0038,https://baseball.pointstreak.com/team_stats.html?teamid=163527&seasonid=34154
ALPB- 2019,34130,Sugar Land Skeeters,34136,"Bernard, W",1750265,245,1,0.0041,https://baseball.pointstreak.com/team_stats.html?teamid=34136&seasonid=34130
ALPB- 2012,12585,York Revolution,3614,"Fiorentino, J",341789,244,1,0.0041,https://baseball.pointstreak.com/team_stats.html?teamid=3614&seasonid=12585
ALPB- 2021,34146,Lexington Legends,163530,"Sturgeon, C",1750095,243,1,0.0041,https://baseball.pointstreak.com/team_stats.html?teamid=163530&seasonid=34146
ALPB- 2019,34130,New Britain Bees,107693,"Amarista, A",1750202,236,1,0.0042,https://baseball.pointstreak.com/team_stats.html?teamid=107693&seasonid=34130
ALPB - 2010,249,Southern Maryland Blue Crabs,3608,"x Kirkland, K",45604,234,1,0.0043,https://baseball.pointstreak.com/team_stats.html?teamid=3608&seasonid=249
ALPB- 2024,33927,York Revolution,3614,"x Kato, K",1695935,231,1,0.0043,https://baseball.pointstreak.com/team_stats.html?teamid=3614&seasonid=33927
ALPB- 2024,33927,Long Island Ducks,3609,"Heath, N",1694121,227,1,0.0044,https://baseball.pointstreak.com/team_stats.html?teamid=3609&seasonid=33927
ALPB- 2022,34154,Kentucky Wild Health Genomes,165440,"Johns, G",1700738,225,1,0.0044,https://baseball.pointstreak.com/team_stats.html?teamid=165440&seasonid=34154
ALPB- 2017,30757,York Revolution,3614,"Witherspoon, T",942013,447,2,0.0045,https://baseball.pointstreak.com/team_stats.html?teamid=3614&seasonid=30757
ALPB- 2015,29210,Southern Maryland Blue Crabs,3608,"Lewis, F",790197,446,2,0.0045,https://baseball.pointstreak.com/team_stats.html?teamid=3608&seasonid=29210
ALPB- 2023,34162,Lancaster Barnstormers,3613,"Dunston, S",1750750,222,1,0.0045,https://baseball.pointstreak.com/team_stats.html?teamid=3613&seasonid=34162
ALPB- 2012,12585,Southern Maryland Blue Crabs,3608,"Benjamin, C",126812,431,2,0.0046,https://baseball.pointstreak.com/team_stats.html?teamid=3608&seasonid=12585
ALPB- 2025,34102,Hagerstown Flying Boxcars,163525,"Arbolida, C",1765809,219,1,0.0046,https://baseball.pointstreak.com/team_stats.html?teamid=163525&seasonid=34102
ALPB- 2024,33927,Southern Maryland Blue Crabs,3608,"Quiroz, I",1697257,218,1,0.0046,https://baseball.pointstreak.com/team_stats.html?teamid=3608&seasonid=33927
ALPB- 2024,33927,Gastonia Baseball Club,163528,"x Reinheimer, J",1696440,216,1,0.0046,https://baseball.pointstreak.com/team_stats.html?teamid=163528&seasonid=33927
ALPB- 2015,29210,York Revolution,3614,"Nash, T",824103,215,1,0.0047,https://baseball.pointstreak.com/team_stats.html?teamid=3614&seasonid=29210
ALPB - 2010,249,Long Island Ducks,3609,"Kovatch, B",45573,213,1,0.0047,https://baseball.pointstreak.com/team_stats.html?teamid=3609&seasonid=249
ALPB- 2016,30100,Long Island Ducks,3609,"Vega, A",794900,413,2,0.0048,https://baseball.pointstreak.com/team_stats.html?teamid=3609&seasonid=30100
ALPB- 2024,33927,Southern Maryland Blue Crabs,3608,"Yetsko, I",1697267,209,1,0.0048,https://baseball.pointstreak.com/team_stats.html?teamid=3608&seasonid=33927
ALPB- 2015,29210,Bridgeport Bluefish,3611,"x Chapman, E",824640,205,1,0.0049,https://baseball.pointstreak.com/team_stats.html?teamid=3611&seasonid=29210
ALPB - 2010,249,Bridgeport Bluefish,3611,"Greenberg, A",45555,384,2,0.0052,https://baseball.pointstreak.com/team_stats.html?teamid=3611&seasonid=249
ALPB- 2014,28163,Lancaster Barnstormers,3613,"Kajimoto, Y",1129814,371,2,0.0054,https://baseball.pointstreak.com/team_stats.html?teamid=3613&seasonid=28163
ALPB- 2019,34130,Long Island Ducks,3609,"Fuentes, R",1750135,364,2,0.0055,https://baseball.pointstreak.com/team_stats.html?teamid=3609&seasonid=34130
ALPB- 2023,34162,Staten Island Ferry Hawks,163526,"Baldwin, R",1716479,349,2,0.0057,https://baseball.pointstreak.com/team_stats.html?teamid=163526&seasonid=34162
ALPB- 2015,29210,Lancaster Barnstormers,3613,"Cavazos-Galvez, B",794002,505,3,0.0059,https://baseball.pointstreak.com/team_stats.html?teamid=3613&seasonid=29210
ALPB- 2019,34130,York Revolution,3614,"Skelton, J",780624,331,2,0.006,https://baseball.pointstreak.com/team_stats.html?teamid=3614&seasonid=34130
ALPB- 2019,34130,Southern Maryland Blue Crabs,3608,"Silva, R",962752,483,3,0.0062,https://baseball.pointstreak.com/team_stats.html?teamid=3608&seasonid=34130
ALPB- 2012,12585,York Revolution,3614,"Haveman, B",295010,482,3,0.0062,https://baseball.pointstreak.com/team_stats.html?teamid=3614&seasonid=12585
ALPB - 2010,249,Southern Maryland Blue Crabs,3608,"Cumberland, S",45608,324,2,0.0062,https://baseball.pointstreak.com/team_stats.html?teamid=3608&seasonid=249
ALPB- 2021,34146,Long Island Ducks,3609,"Turbo, J",1749709,316,2,0.0063,https://baseball.pointstreak.com/team_stats.html?teamid=3609&seasonid=34146
ALPB- 2024,33927,Lancaster Stormers,3613,"x Dues, D",1711467,314,2,0.0064,https://baseball.pointstreak.com/team_stats.html?teamid=3613&seasonid=33927
ALPB - 2010,249,Southern Maryland Blue Crabs,3608,"Owens, J",45612,453,3,0.0066,https://baseball.pointstreak.com/team_stats.html?teamid=3608&seasonid=249
ALPB- 2022,34154,York Revolution,3614,"Lien, C",1750718,305,2,0.0066,https://baseball.pointstreak.com/team_stats.html?teamid=3614&seasonid=34154
ALPB - 2010,249,Southern Maryland Blue Crabs,3608,"Giannotti, R",45609,304,2,0.0066,https://baseball.pointstreak.com/team_stats.html?teamid=3608&seasonid=249
ALPB- 2021,34146,Lancaster Barnstormers,3613,"Gindl, C",1111228,450,3,0.0067,https://baseball.pointstreak.com/team_stats.html?teamid=3613&seasonid=34146
ALPB- 2024,33927,Long Island Ducks,3609,"Encarnacion, J",1743134,297,2,0.0067,https://baseball.pointstreak.com/team_stats.html?teamid=3609&seasonid=33927
ALPB- 2023,34162,Lexington Counter Clocks,163530,"Broussard, B",1703488,294,2,0.0068,https://baseball.pointstreak.com/team_stats.html?teamid=163530&seasonid=34162
ALPB- 2021,34146,Gastonia Honey Hunters,163528,"Papi, M",1750583,292,2,0.0068,https://baseball.pointstreak.com/team_stats.html?teamid=163528&seasonid=34146
ALPB- 2021,34146,York Revolution,3614,"Sandford, C",1750089,289,2,0.0069,https://baseball.pointstreak.com/team_stats.html?teamid=3614&seasonid=34146
ALPB- 2013,21966,Bridgeport Bluefish,3611,"Suarez, I",455473,288,2,0.0069,https://baseball.pointstreak.com/team_stats.html?teamid=3611&seasonid=21966
ALPB- 2019,34130,New Britain Bees,107693,"Ford, D",1256788,426,3,0.007,https://baseball.pointstreak.com/team_stats.html?teamid=107693&seasonid=34130
ALPB- 2019,34130,High Point Rockers,163529,"Rosa, V",1750172,286,2,0.007,https://baseball.pointstreak.com/team_stats.html?teamid=163529&seasonid=34130
ALPB- 2025,34102,Gastonia Ghost Peppers,163528,"x Watson Jr., K",1748844,286,2,0.007,https://baseball.pointstreak.com/team_stats.html?teamid=163528&seasonid=34102
ALPB- 2015,29210,Sugar Land Skeeters,34136,"Scott, T",442667,425,3,0.0071,https://baseball.pointstreak.com/team_stats.html?teamid=34136&seasonid=29210
ALPB- 2022,34154,Southern Maryland Blue Crabs,3608,"Sundberg, J",1750711,422,3,0.0071,https://baseball.pointstreak.com/team_stats.html?teamid=3608&seasonid=34154
ALPB- 2025,34102,Gastonia Ghost Peppers,163528,"De La Rosa, E",1748840,282,2,0.0071,https://baseball.pointstreak.com/team_stats.html?teamid=163528&seasonid=34102
ALPB- 2022,34154,Kentucky Wild Health Genomes,165440,"Shaw, C",1750051,416,3,0.0072,https://baseball.pointstreak.com/team_stats.html?teamid=165440&seasonid=34154
ALPB- 2013,21966,Camden Riversharks,3610,"x Walker, C",447320,278,2,0.0072,https://baseball.pointstreak.com/team_stats.html?teamid=3610&seasonid=21966
ALPB- 2015,29210,Somerset Patriots,3604,"Spears, N",604855,404,3,0.0074,https://baseball.pointstreak.com/team_stats.html?teamid=3604&seasonid=29210
ALPB- 2015,29210,Somerset Patriots,3604,"x Gamel, M",886047,271,2,0.0074,https://baseball.pointstreak.com/team_stats.html?teamid=3604&seasonid=29210
ALPB- 2025,34102,York Revolution,3614,"Miller, J",1745941,402,3,0.0075,https://baseball.pointstreak.com/team_stats.html?teamid=3614&seasonid=34102
ALPB- 2016,30100,Southern Maryland Blue Crabs,3608,"Brown, G",966958,401,3,0.0075,https://baseball.pointstreak.com/team_stats.html?teamid=3608&seasonid=30100
ALPB- 2024,33927,Lancaster Stormers,3613,"Martin, M",1714598,267,2,0.0075,https://baseball.pointstreak.com/team_stats.html?teamid=3613&seasonid=33927
ALPB- 2022,34154,Gastonia Honey Hunters,163528,"Hampton, R",1750605,394,3,0.0076,https://baseball.pointstreak.com/team_stats.html?teamid=163528&seasonid=34154
ALPB- 2019,34130,New Britain Bees,107693,"De Aza, A",1711164,264,2,0.0076,https://baseball.pointstreak.com/team_stats.html?teamid=107693&seasonid=34130
ALPB- 2018,31284,Southern Maryland Blue Crabs,3608,"x Songco, A",1262092,262,2,0.0076,https://baseball.pointstreak.com/team_stats.html?teamid=3608&seasonid=31284
ALPB - 2010,249,York Revolution,3614,"Grimes, S",45506,520,4,0.0077,https://baseball.pointstreak.com/team_stats.html?teamid=3614&seasonid=249
ALPB- 2021,34146,Lancaster Barnstormers,3613,"Allemand, B",1750455,386,3,0.0078,https://baseball.pointstreak.com/team_stats.html?teamid=3613&seasonid=34146
ALPB - 2010,249,Lancaster Barnstormers,3613,"Gaetti, J",45651,385,3,0.0078,https://baseball.pointstreak.com/team_stats.html?teamid=3613&seasonid=249
ALPB- 2018,31284,Somerset Patriots,3604,"Pacchioli, J",1097058,257,2,0.0078,https://baseball.pointstreak.com/team_stats.html?teamid=3604&seasonid=31284
ALPB- 2024,33927,York Revolution,3614,"McDermott, M",1696439,508,4,0.0079,https://baseball.pointstreak.com/team_stats.html?teamid=3614&seasonid=33927
ALPB- 2019,34130,Southern Maryland Blue Crabs,3608,"Valerio, C",1750029,382,3,0.0079,https://baseball.pointstreak.com/team_stats.html?teamid=3608&seasonid=34130
ALPB- 2019,34130,Southern Maryland Blue Crabs,3608,"Blackstone, K",1750075,379,3,0.0079,https://baseball.pointstreak.com/team_stats.html?teamid=3608&seasonid=34130
ALPB- 2022,34154,Lexington Legends,163530,"Powell, H",1750050,253,2,0.0079,https://baseball.pointstreak.com/team_stats.html?teamid=163530&seasonid=34154
ALPB- 2024,33927,York Revolution,3614,"x Martin, T",1718066,253,2,0.0079,https://baseball.pointstreak.com/team_stats.html?teamid=3614&seasonid=33927
ALPB- 2025,34102,Long Island Ducks,3609,"Encarnacion, J",1743134,252,2,0.0079,https://baseball.pointstreak.com/team_stats.html?teamid=3609&seasonid=34102
ALPB- 2021,34146,Gastonia Honey Hunters,163528,"Powell, H",1750050,377,3,0.008,https://baseball.pointstreak.com/team_stats.html?teamid=163528&seasonid=34146
ALPB- 2022,34154,High Point Rockers,163529,"Latimore, F",1750161,375,3,0.008,https://baseball.pointstreak.com/team_stats.html?teamid=163529&seasonid=34154
ALPB- 2015,29210,Lancaster Barnstormers,3613,"Collier, Z",839228,249,2,0.008,https://baseball.pointstreak.com/team_stats.html?teamid=3613&seasonid=29210
ALPB- 2022,34154,Gastonia Honey Hunters,163528,"Skole, J",1750580,369,3,0.0081,https://baseball.pointstreak.com/team_stats.html?teamid=163528&seasonid=34154
ALPB- 2024,33927,Gastonia Baseball Club,163528,"De La Rosa, E",1696441,369,3,0.0081,https://baseball.pointstreak.com/team_stats.html?teamid=163528&seasonid=33927
ALPB- 2022,34154,York Revolution,3614,"Kenley, J",1750432,246,2,0.0081,https://baseball.pointstreak.com/team_stats.html?teamid=3614&seasonid=34154
ALPB- 2012,12585,Southern Maryland Blue Crabs,3608,"Daniel, M",289539,490,4,0.0082,https://baseball.pointstreak.com/team_stats.html?teamid=3608&seasonid=12585
ALPB- 2021,34146,Gastonia Honey Hunters,163528,"Skole, J",1750580,366,3,0.0082,https://baseball.pointstreak.com/team_stats.html?teamid=163528&seasonid=34146
ALPB- 2022,34154,Southern Maryland Blue Crabs,3608,"Collier, Z",1750064,365,3,0.0082,https://baseball.pointstreak.com/team_stats.html?teamid=3608&seasonid=34154
ALPB- 2022,34154,Gastonia Honey Hunters,163528,"Roman, L",1750942,364,3,0.0082,https://baseball.pointstreak.com/team_stats.html?teamid=163528&seasonid=34154
ALPB- 2019,34130,Somerset Patriots,3604,"Crouse, M",941125,245,2,0.0082,https://baseball.pointstreak.com/team_stats.html?teamid=3604&seasonid=34130
ALPB- 2016,30100,Lancaster Barnstormers,3613,"Hobson, K",1113281,363,3,0.0083,https://baseball.pointstreak.com/team_stats.html?teamid=3613&seasonid=30100
ALPB- 2023,34162,Gastonia Honey Hunters,163528,"Reinheimer, J",1750918,242,2,0.0083,https://baseball.pointstreak.com/team_stats.html?teamid=163528&seasonid=34162
ALPB- 2022,34154,High Point Rockers,163529,"Ladendorf, T",1750032,356,3,0.0084,https://baseball.pointstreak.com/team_stats.html?teamid=163529&seasonid=34154
ALPB- 2023,34162,Long Island Ducks,3609,"Powell, H",1750050,239,2,0.0084,https://baseball.pointstreak.com/team_stats.html?teamid=3609&seasonid=34162
ALPB- 2016,30100,Sugar Land Skeeters,34136,"x Matthes, K",970082,239,2,0.0084,https://baseball.pointstreak.com/team_stats.html?teamid=34136&seasonid=30100
ALPB- 2012,12585,Long Island Ducks,3609,"x McOwen, J",1088919,238,2,0.0084,https://baseball.pointstreak.com/team_stats.html?teamid=3609&seasonid=12585
ALPB- 2019,34130,Lancaster Barnstormers,3613,"Hobson, K",1750300,469,4,0.0085,https://baseball.pointstreak.com/team_stats.html?teamid=3613&seasonid=34130
ALPB- 2013,21966,York Revolution,3614,"Kirkland, K",505683,236,2,0.0085,https://baseball.pointstreak.com/team_stats.html?teamid=3614&seasonid=21966
ALPB- 2012,12585,Lancaster Barnstormers,3613,"x Pedroza, J",290234,232,2,0.0086,https://baseball.pointstreak.com/team_stats.html?teamid=3613&seasonid=12585
ALPB- 2022,34154,Gastonia Honey Hunters,163528,"Rosa, J",1750930,458,4,0.0087,https://baseball.pointstreak.com/team_stats.html?teamid=163528&seasonid=34154
ALPB- 2018,31284,Somerset Patriots,3604,"x Borbon, J",1246620,229,2,0.0087,https://baseball.pointstreak.com/team_stats.html?teamid=3604&seasonid=31284
ALPB- 2014,28163,Southern Maryland Blue Crabs,3608,"Mitchell, J",619217,455,4,0.0088,https://baseball.pointstreak.com/team_stats.html?teamid=3608&seasonid=28163
ALPB- 2022,34154,Kentucky Wild Health Genomes,165440,"Dueñez, S",1750820,228,2,0.0088,https://baseball.pointstreak.com/team_stats.html?teamid=165440&seasonid=34154
ALPB- 2023,34162,Southern Maryland Blue Crabs,3608,"Sundberg, J",1750711,451,4,0.0089,https://baseball.pointstreak.com/team_stats.html?teamid=3608&seasonid=34162
ALPB- 2022,34154,Staten Island Ferry Hawks,163526,"Duplantis, A",1750645,338,3,0.0089,https://baseball.pointstreak.com/team_stats.html?teamid=163526&seasonid=34154
ALPB- 2014,28163,York Revolution,3614,"Greene, J",635610,444,4,0.009,https://baseball.pointstreak.com/team_stats.html?teamid=3614&seasonid=28163
ALPB- 2025,34102,Gastonia Ghost Peppers,163528,"Reinheimer, J",1748843,333,3,0.009,https://baseball.pointstreak.com/team_stats.html?teamid=163528&seasonid=34102
ALPB - 2010,249,Bridgeport Bluefish,3611,"Johnson, T",45551,222,2,0.009,https://baseball.pointstreak.com/team_stats.html?teamid=3611&seasonid=249
ALPB - 2011,540,Bridgeport Bluefish,3611,"Moss, S",45553,441,4,0.0091,https://baseball.pointstreak.com/team_stats.html?teamid=3611&seasonid=540
ALPB- 2023,34162,Lancaster Barnstormers,3613,"Mercedes, M",1750306,439,4,0.0091,https://baseball.pointstreak.com/team_stats.html?teamid=3613&seasonid=34162
ALPB- 2023,34162,Long Island Ducks,3609,"Goodwin, B",1750961,220,2,0.0091,https://baseball.pointstreak.com/team_stats.html?teamid=3609&seasonid=34162
ALPB- 2016,30100,Somerset Patriots,3604,"Kral, R",962611,220,2,0.0091,https://baseball.pointstreak.com/team_stats.html?teamid=3604&seasonid=30100
ALPB- 2021,34146,Long Island Ducks,3609,"Lombardozzi, S",1749711,435,4,0.0092,https://baseball.pointstreak.com/team_stats.html?teamid=3609&seasonid=34146
ALPB- 2013,21966,Somerset Patriots,3604,"Eggleston, A",415718,429,4,0.0093,https://baseball.pointstreak.com/team_stats.html?teamid=3604&seasonid=21966
ALPB- 2015,29210,Southern Maryland Blue Crabs,3608,"DeJesus, A",294793,323,3,0.0093,https://baseball.pointstreak.com/team_stats.html?teamid=3608&seasonid=29210
ALPB- 2025,34102,Lancaster Stormers,3613,"Ward, N",1744196,322,3,0.0093,https://baseball.pointstreak.com/team_stats.html?teamid=3613&seasonid=34102
ALPB- 2024,33927,High Point Rockers,163529,"Grotjohn, R",1696992,321,3,0.0093,https://baseball.pointstreak.com/team_stats.html?teamid=163529&seasonid=33927
ALPB- 2012,12585,Somerset Patriots,3604,"Holden, J",313680,321,3,0.0093,https://baseball.pointstreak.com/team_stats.html?teamid=3604&seasonid=12585
ALPB - 2010,249,Bridgeport Bluefish,3611,"Roberson, C",45558,214,2,0.0093,https://baseball.pointstreak.com/team_stats.html?teamid=3611&seasonid=249
ALPB- 2013,21966,Sugar Land Skeeters,34136,"Clemens, K",385665,319,3,0.0094,https://baseball.pointstreak.com/team_stats.html?teamid=34136&seasonid=21966
ALPB- 2024,33927,Lancaster Stormers,3613,"Dunston Jr., S",1695449,318,3,0.0094,https://baseball.pointstreak.com/team_stats.html?teamid=3613&seasonid=33927
ALPB- 2023,34162,High Point Rockers,163529,"Russell, M",1750186,213,2,0.0094,https://baseball.pointstreak.com/team_stats.html?teamid=163529&seasonid=34162
ALPB- 2022,34154,Charleston Dirty Birds,163527,"Kelly, S",1764620,422,4,0.0095,https://baseball.pointstreak.com/team_stats.html?teamid=163527&seasonid=34154
ALPB- 2012,12585,Somerset Patriots,3604,"x Bynum, F",289082,421,4,0.0095,https://baseball.pointstreak.com/team_stats.html?teamid=3604&seasonid=12585
ALPB- 2021,34146,Lexington Legends,163530,"Aklinski, B",1750098,420,4,0.0095,https://baseball.pointstreak.com/team_stats.html?teamid=163530&seasonid=34146
ALPB- 2025,34102,Southern Maryland Blue Crabs,3608,"Digiacomo, G",1749637,317,3,0.0095,https://baseball.pointstreak.com/team_stats.html?teamid=3608&seasonid=34102
ALPB- 2016,30100,Sugar Land Skeeters,34136,"Prince, J",960120,317,3,0.0095,https://baseball.pointstreak.com/team_stats.html?teamid=34136&seasonid=30100
ALPB- 2013,21966,Somerset Patriots,3604,"Tucker, J",289089,523,5,0.0096,https://baseball.pointstreak.com/team_stats.html?teamid=3604&seasonid=21966
ALPB- 2012,12585,Lancaster Barnstormers,3613,"Frostad, E",430240,312,3,0.0096,https://baseball.pointstreak.com/team_stats.html?teamid=3613&seasonid=12585
ALPB- 2022,34154,Long Island Ducks,3609,"Turbo, J",1749709,209,2,0.0096,https://baseball.pointstreak.com/team_stats.html?teamid=3609&seasonid=34154
ALPB- 2012,12585,Southern Maryland Blue Crabs,3608,"Giannotti, R",125435,209,2,0.0096,https://baseball.pointstreak.com/team_stats.html?teamid=3608&seasonid=12585
ALPB- 2018,31284,Sugar Land Skeeters,34136,"x Kubitza, K",1249664,207,2,0.0097,https://baseball.pointstreak.com/team_stats.html?teamid=34136&seasonid=31284
ALPB- 2024,33927,York Revolution,3614,"Washington, D",1698555,408,4,0.0098,https://baseball.pointstreak.com/team_stats.html?teamid=3614&seasonid=33927
ALPB- 2021,34146,Lexington Legends,163530,"Fornaci, C",1750101,204,2,0.0098,https://baseball.pointstreak.com/team_stats.html?teamid=163530&seasonid=34146
ALPB- 2023,34162,Spire City Ghost Hounds,165441,"Dedelow, C",1751123,406,4,0.0099,https://baseball.pointstreak.com/team_stats.html?teamid=165441&seasonid=34162
ALPB- 2019,34130,Somerset Patriots,3604,"Kelly, S",1764620,202,2,0.0099,https://baseball.pointstreak.com/team_stats.html?teamid=3604&seasonid=34130
ALPB- 2016,30100,New Britain Bees,107693,"Skelton, J",780624,402,4,0.01,https://baseball.pointstreak.com/team_stats.html?teamid=107693&seasonid=30100
ALPB- 2023,34162,Long Island Ducks,3609,"Dickerson, A",1750959,401,4,0.01,https://baseball.pointstreak.com/team_stats.html?teamid=3609&seasonid=34162
ALPB- 2018,31284,Long Island Ducks,3609,"Washington, D",1228554,399,4,0.01,https://baseball.pointstreak.com/team_stats.html?teamid=3609&seasonid=31284
ALPB- 2025,34102,Lexington Legends,163530,"Whalen, B",1744113,301,3,0.01,https://baseball.pointstreak.com/team_stats.html?teamid=163530&seasonid=34102
ALPB- 2022,34154,Kentucky Wild Health Genomes,165440,"Vallot, C",1750821,201,2,0.01,https://baseball.pointstreak.com/team_stats.html?teamid=165440&seasonid=34154
ALPB- 2013,21966,Somerset Patriots,3604,"x Montanez, L",436367,201,2,0.01,https://baseball.pointstreak.com/team_stats.html?teamid=3604&seasonid=21966
ALPB- 2014,28163,York Revolution,3614,"Tracy, C",505685,493,5,0.0101,https://baseball.pointstreak.com/team_stats.html?teamid=3614&seasonid=28163
ALPB- 2022,34154,York Revolution,3614,"Pérez, Y",1750166,398,4,0.0101,https://baseball.pointstreak.com/team_stats.html?teamid=3614&seasonid=34154
ALPB- 2015,29210,Southern Maryland Blue Crabs,3608,"Frawley, C",285152,398,4,0.0101,https://baseball.pointstreak.com/team_stats.html?teamid=3608&seasonid=29210
ALPB- 2022,34154,Charleston Dirty Birds,163527,"Seymour, A",1750853,297,3,0.0101,https://baseball.pointstreak.com/team_stats.html?teamid=163527&seasonid=34154
ALPB - 2010,249,Lancaster Barnstormers,3613,"Woods, M",62377,297,3,0.0101,https://baseball.pointstreak.com/team_stats.html?teamid=3613&seasonid=249
ALPB - 2010,249,Camden Riversharks,3610,"Robnett, R",45797,491,5,0.0102,https://baseball.pointstreak.com/team_stats.html?teamid=3610&seasonid=249
ALPB- 2023,34162,Spire City Ghost Hounds,165441,"Becker, L",1750826,394,4,0.0102,https://baseball.pointstreak.com/team_stats.html?teamid=165441&seasonid=34162
ALPB- 2012,12585,Sugar Land Skeeters,34136,"Ramos, D",299674,393,4,0.0102,https://baseball.pointstreak.com/team_stats.html?teamid=34136&seasonid=12585
ALPB- 2022,34154,High Point Rockers,163529,"Morrison, J",1750493,293,3,0.0102,https://baseball.pointstreak.com/team_stats.html?teamid=163529&seasonid=34154
ALPB- 2023,34162,York Revolution,3614,"Rhinesmith, J",1695941,387,4,0.0103,https://baseball.pointstreak.com/team_stats.html?teamid=3614&seasonid=34162
ALPB- 2022,34154,Staten Island Ferry Hawks,163526,"Bautista, M",1750644,292,3,0.0103,https://baseball.pointstreak.com/team_stats.html?teamid=163526&seasonid=34154
ALPB- 2017,30757,Sugar Land Skeeters,34136,"x Miller, D",1121303,292,3,0.0103,https://baseball.pointstreak.com/team_stats.html?teamid=34136&seasonid=30757
ALPB - 2010,249,York Revolution,3614,"Bladergroen, I",45501,483,5,0.0104,https://baseball.pointstreak.com/team_stats.html?teamid=3614&seasonid=249
ALPB- 2023,34162,Lexington Counter Clocks,163530,"Encarnacion, J",1750426,481,5,0.0104,https://baseball.pointstreak.com/team_stats.html?teamid=163530&seasonid=34162
ALPB - 2010,249,Camden Riversharks,3610,"Walker, C",45798,481,5,0.0104,https://baseball.pointstreak.com/team_stats.html?teamid=3610&seasonid=249
ALPB- 2022,34154,Lancaster Barnstormers,3613,"Mercedes, M",1750306,479,5,0.0104,https://baseball.pointstreak.com/team_stats.html?teamid=3613&seasonid=34154
ALPB- 2025,34102,Southern Maryland Blue Crabs,3608,"Howard, P",1746291,289,3,0.0104,https://baseball.pointstreak.com/team_stats.html?teamid=3608&seasonid=34102
ALPB- 2023,34162,Lexington Counter Clocks,163530,"Owings, C",1750939,477,5,0.0105,https://baseball.pointstreak.com/team_stats.html?teamid=163530&seasonid=34162
ALPB- 2017,30757,Long Island Ducks,3609,"Cleary Jr., D",807269,476,5,0.0105,https://baseball.pointstreak.com/team_stats.html?teamid=3609&seasonid=30757
ALPB - 2011,540,York Revolution,3614,"Walker, C",128775,380,4,0.0105,https://baseball.pointstreak.com/team_stats.html?teamid=3614&seasonid=540
ALPB- 2023,34162,York Revolution,3614,"Otosaka, T",1744297,373,4,0.0107,https://baseball.pointstreak.com/team_stats.html?teamid=3614&seasonid=34162
ALPB- 2024,33927,Lexington Legends,163530,"Gonzalez, P",1700205,372,4,0.0108,https://baseball.pointstreak.com/team_stats.html?teamid=163530&seasonid=33927
ALPB- 2021,34146,Southern Maryland Blue Crabs,3608,"Deluca, J",1750078,370,4,0.0108,https://baseball.pointstreak.com/team_stats.html?teamid=3608&seasonid=34146
ALPB- 2019,34130,Sugar Land Skeeters,34136,"Martinson, J",1750266,369,4,0.0108,https://baseball.pointstreak.com/team_stats.html?teamid=34136&seasonid=34130
ALPB- 2019,34130,York Revolution,3614,"Mesa, M",1750339,460,5,0.0109,https://baseball.pointstreak.com/team_stats.html?teamid=3614&seasonid=34130
ALPB- 2025,34102,Staten Island Ferry Hawks,163526,"Scheffler, M",1749467,275,3,0.0109,https://baseball.pointstreak.com/team_stats.html?teamid=163526&seasonid=34102
ALPB- 2014,28163,Bridgeport Bluefish,3611,"Simmons, J",838995,545,6,0.011,https://baseball.pointstreak.com/team_stats.html?teamid=3611&seasonid=28163
ALPB- 2025,34102,Long Island Ducks,3609,"Kaler, K",1743135,273,3,0.011,https://baseball.pointstreak.com/team_stats.html?teamid=3609&seasonid=34102
ALPB - 2010,249,Somerset Patriots,3604,"Lydon, W",46193,540,6,0.0111,https://baseball.pointstreak.com/team_stats.html?teamid=3604&seasonid=249
ALPB- 2013,21966,Sugar Land Skeeters,34136,"Ramos, D",299674,452,5,0.0111,https://baseball.pointstreak.com/team_stats.html?teamid=34136&seasonid=21966
ALPB- 2025,34102,Lexington Legends,163530,"Washington, X",1744135,270,3,0.0111,https://baseball.pointstreak.com/team_stats.html?teamid=163530&seasonid=34102
ALPB- 2025,34102,High Point Rockers,163529,"Aklinski, B",1747963,358,4,0.0112,https://baseball.pointstreak.com/team_stats.html?teamid=163529&seasonid=34102
ALPB- 2022,34154,Gastonia Honey Hunters,163528,"Rodriguez, H",1750920,268,3,0.0112,https://baseball.pointstreak.com/team_stats.html?teamid=163528&seasonid=34154
ALPB- 2021,34146,Lancaster Barnstormers,3613,"Clark, L",1747601,268,3,0.0112,https://baseball.pointstreak.com/team_stats.html?teamid=3613&seasonid=34146
ALPB- 2024,33927,Hagerstown Flying Boxcars,163525,"Moritz, A",1711973,268,3,0.0112,https://baseball.pointstreak.com/team_stats.html?teamid=163525&seasonid=33927
ALPB- 2018,31284,New Britain Bees,107693,"Skelton, J",780624,267,3,0.0112,https://baseball.pointstreak.com/team_stats.html?teamid=107693&seasonid=31284
ALPB- 2012,12585,Southern Maryland Blue Crabs,3608,"Mercado, R",289520,267,3,0.0112,https://baseball.pointstreak.com/team_stats.html?teamid=3608&seasonid=12585
ALPB - 2010,249,Long Island Ducks,3609,"Colina, J",69110,267,3,0.0112,https://baseball.pointstreak.com/team_stats.html?teamid=3609&seasonid=249
ALPB- 2019,34130,High Point Rockers,163529,"Schroder, M",1750162,443,5,0.0113,https://baseball.pointstreak.com/team_stats.html?teamid=163529&seasonid=34130
ALPB- 2013,21966,Southern Maryland Blue Crabs,3608,"Smith, S",440812,443,5,0.0113,https://baseball.pointstreak.com/team_stats.html?teamid=3608&seasonid=21966
ALPB- 2019,34130,High Point Rockers,163529,"Shaffer, R",1750167,353,4,0.0113,https://baseball.pointstreak.com/team_stats.html?teamid=163529&seasonid=34130
ALPB- 2018,31284,Southern Maryland Blue Crabs,3608,"Vaughn, C",957751,353,4,0.0113,https://baseball.pointstreak.com/team_stats.html?teamid=3608&seasonid=31284
ALPB- 2019,34130,Somerset Patriots,3604,"Pacchioli, J",1097058,266,3,0.0113,https://baseball.pointstreak.com/team_stats.html?teamid=3604&seasonid=34130
ALPB- 2019,34130,Lancaster Barnstormers,3613,"De La Rosa, A",1084017,265,3,0.0113,https://baseball.pointstreak.com/team_stats.html?teamid=3613&seasonid=34130
ALPB- 2019,34130,New Britain Bees,107693,"Moreno, R",1750213,265,3,0.0113,https://baseball.pointstreak.com/team_stats.html?teamid=107693&seasonid=34130
ALPB- 2021,34146,High Point Rockers,163529,"Field, J",1750506,350,4,0.0114,https://baseball.pointstreak.com/team_stats.html?teamid=163529&seasonid=34146
ALPB- 2018,31284,Southern Maryland Blue Crabs,3608,"Martinez, F",1228390,436,5,0.0115,https://baseball.pointstreak.com/team_stats.html?teamid=3608&seasonid=31284
ALPB- 2018,31284,Somerset Patriots,3604,"Chavez, E",1232179,349,4,0.0115,https://baseball.pointstreak.com/team_stats.html?teamid=3604&seasonid=31284
ALPB- 2025,34102,Staten Island Ferry Hawks,163526,"Contreras, M",1754134,348,4,0.0115,https://baseball.pointstreak.com/team_stats.html?teamid=163526&seasonid=34102
ALPB- 2021,34146,Gastonia Honey Hunters,163528,"Tapia, E",1750590,261,3,0.0115,https://baseball.pointstreak.com/team_stats.html?teamid=163528&seasonid=34146
ALPB - 2010,249,Newark Bears,3612,"Jones, K",46323,517,6,0.0116,https://baseball.pointstreak.com/team_stats.html?teamid=3612&seasonid=249
ALPB- 2019,34130,Long Island Ducks,3609,"Washington, D",1698555,346,4,0.0116,https://baseball.pointstreak.com/team_stats.html?teamid=3609&seasonid=34130
ALPB- 2025,34102,Long Island Ducks,3609,"Town, R",1748020,346,4,0.0116,https://baseball.pointstreak.com/team_stats.html?teamid=3609&seasonid=34102
ALPB- 2015,29210,Lancaster Barnstormers,3613,"Rivers, K",958062,346,4,0.0116,https://baseball.pointstreak.com/team_stats.html?teamid=3613&seasonid=29210
ALPB- 2024,33927,Gastonia Baseball Club,163528,"Gatewood, J",1696437,427,5,0.0117,https://baseball.pointstreak.com/team_stats.html?teamid=163528&seasonid=33927
ALPB - 2010,249,Southern Maryland Blue Crabs,3608,"Crozier, E",45601,427,5,0.0117,https://baseball.pointstreak.com/team_stats.html?teamid=3608&seasonid=249
ALPB- 2013,21966,Southern Maryland Blue Crabs,3608,"Owens, J",125438,341,4,0.0117,https://baseball.pointstreak.com/team_stats.html?teamid=3608&seasonid=21966
ALPB- 2024,33927,Lexington Legends,163530,"OBrien, K",1695967,257,3,0.0117,https://baseball.pointstreak.com/team_stats.html?teamid=163530&seasonid=33927
ALPB- 2012,12585,Camden Riversharks,3610,"Walker, C",289443,510,6,0.0118,https://baseball.pointstreak.com/team_stats.html?teamid=3610&seasonid=12585
ALPB- 2025,34102,Lancaster Stormers,3613,"Lucky, N",1747603,337,4,0.0119,https://baseball.pointstreak.com/team_stats.html?teamid=3613&seasonid=34102
ALPB- 2024,33927,Lexington Legends,163530,"x Bottcher, M",1695970,337,4,0.0119,https://baseball.pointstreak.com/team_stats.html?teamid=163530&seasonid=33927
ALPB- 2019,34130,Sugar Land Skeeters,34136,"Stanley, C",1750270,336,4,0.0119,https://baseball.pointstreak.com/team_stats.html?teamid=34136&seasonid=34130
ALPB - 2010,249,Bridgeport Bluefish,3611,"Bocachica, H",63875,252,3,0.0119,https://baseball.pointstreak.com/team_stats.html?teamid=3611&seasonid=249
ALPB- 2014,28163,York Revolution,3614,"Patterson, E",434764,498,6,0.012,https://baseball.pointstreak.com/team_stats.html?teamid=3614&seasonid=28163
ALPB- 2022,34154,Gastonia Honey Hunters,163528,"Jarrett, Z",1750944,416,5,0.012,https://baseball.pointstreak.com/team_stats.html?teamid=163528&seasonid=34154
ALPB- 2022,34154,High Point Rockers,163529,"Martinez, M",1750290,250,3,0.012,https://baseball.pointstreak.com/team_stats.html?teamid=163529&seasonid=34154
ALPB- 2013,21966,Somerset Patriots,3604,"Aldridge, C",475056,331,4,0.0121,https://baseball.pointstreak.com/team_stats.html?teamid=3604&seasonid=21966
ALPB - 2011,540,Somerset Patriots,3604,"Holden, J",46192,331,4,0.0121,https://baseball.pointstreak.com/team_stats.html?teamid=3604&seasonid=540
ALPB- 2022,34154,Lancaster Barnstormers,3613,"Clark, L",1747601,247,3,0.0121,https://baseball.pointstreak.com/team_stats.html?teamid=3613&seasonid=34154
ALPB- 2012,12585,Southern Maryland Blue Crabs,3608,"Owens, J",125438,493,6,0.0122,https://baseball.pointstreak.com/team_stats.html?teamid=3608&seasonid=12585
ALPB- 2012,12585,Bridgeport Bluefish,3611,"Simmons, J",838995,329,4,0.0122,https://baseball.pointstreak.com/team_stats.html?teamid=3611&seasonid=12585
ALPB- 2016,30100,York Revolution,3614,"Witherspoon, T",942013,328,4,0.0122,https://baseball.pointstreak.com/team_stats.html?teamid=3614&seasonid=30100
ALPB- 2023,34162,Gastonia Honey Hunters,163528,"Gonzalez, P",1700205,246,3,0.0122,https://baseball.pointstreak.com/team_stats.html?teamid=163528&seasonid=34162
ALPB- 2014,28163,Long Island Ducks,3609,"Bailey, A",435501,489,6,0.0123,https://baseball.pointstreak.com/team_stats.html?teamid=3609&seasonid=28163
ALPB- 2024,33927,Lancaster Stormers,3613,"Proctor, C",1695444,407,5,0.0123,https://baseball.pointstreak.com/team_stats.html?teamid=3613&seasonid=33927
ALPB- 2022,34154,Lancaster Barnstormers,3613,"Robinson, T",1749702,324,4,0.0123,https://baseball.pointstreak.com/team_stats.html?teamid=3613&seasonid=34154
ALPB- 2024,33927,Gastonia Baseball Club,163528,"Gonzalez, H",1696433,244,3,0.0123,https://baseball.pointstreak.com/team_stats.html?teamid=163528&seasonid=33927
ALPB- 2025,34102,Southern Maryland Blue Crabs,3608,"Baylor, J",1744254,243,3,0.0123,https://baseball.pointstreak.com/team_stats.html?teamid=3608&seasonid=34102
ALPB- 2022,34154,Kentucky Wild Health Genomes,165440,"Becker, L",1750826,484,6,0.0124,https://baseball.pointstreak.com/team_stats.html?teamid=165440&seasonid=34154
ALPB- 2023,34162,Gastonia Honey Hunters,163528,"Santa, K",1751171,323,4,0.0124,https://baseball.pointstreak.com/team_stats.html?teamid=163528&seasonid=34162
ALPB - 2011,540,Road Warriors,12699,"Suarez, G",140958,241,3,0.0124,https://baseball.pointstreak.com/team_stats.html?teamid=12699&seasonid=540
ALPB- 2014,28163,Lancaster Barnstormers,3613,"x Kjeldgaard, B",624997,238,3,0.0126,https://baseball.pointstreak.com/team_stats.html?teamid=3613&seasonid=28163
ALPB- 2019,34130,Somerset Patriots,3604,"Kengor, W",1750045,474,6,0.0127,https://baseball.pointstreak.com/team_stats.html?teamid=3604&seasonid=34130
ALPB- 2017,30757,Long Island Ducks,3609,"Songco, A",1262092,472,6,0.0127,https://baseball.pointstreak.com/team_stats.html?teamid=3609&seasonid=30757
ALPB- 2022,34154,High Point Rockers,163529,"Russell, M",1750186,394,5,0.0127,https://baseball.pointstreak.com/team_stats.html?teamid=163529&seasonid=34154
ALPB- 2018,31284,Somerset Patriots,3604,"Fransoso, M",994893,393,5,0.0127,https://baseball.pointstreak.com/team_stats.html?teamid=3604&seasonid=31284
ALPB- 2023,34162,Charleston Dirty Birds,163527,"Goris, D",1750840,316,4,0.0127,https://baseball.pointstreak.com/team_stats.html?teamid=163527&seasonid=34162
ALPB- 2022,34154,Lancaster Barnstormers,3613,"Dugan, K",1745222,236,3,0.0127,https://baseball.pointstreak.com/team_stats.html?teamid=3613&seasonid=34154
ALPB- 2013,21966,Sugar Land Skeeters,34136,"x Moss, S",320714,236,3,0.0127,https://baseball.pointstreak.com/team_stats.html?teamid=34136&seasonid=21966
ALPB- 2015,29210,York Revolution,3614,"Pounds, B",792957,470,6,0.0128,https://baseball.pointstreak.com/team_stats.html?teamid=3614&seasonid=29210
ALPB- 2017,30757,New Britain Bees,107693,"Skelton, J",780624,392,5,0.0128,https://baseball.pointstreak.com/team_stats.html?teamid=107693&seasonid=30757
ALPB- 2015,29210,Lancaster Barnstormers,3613,"x Kajimoto, Y",1129814,392,5,0.0128,https://baseball.pointstreak.com/team_stats.html?teamid=3613&seasonid=29210
ALPB- 2025,34102,Lexington Legends,163530,"Fuentes, B",1746552,313,4,0.0128,https://baseball.pointstreak.com/team_stats.html?teamid=163530&seasonid=34102
ALPB- 2023,34162,Spire City Ghost Hounds,165441,"Abreu, O",1746610,312,4,0.0128,https://baseball.pointstreak.com/team_stats.html?teamid=165441&seasonid=34162
ALPB- 2019,34130,Lancaster Barnstormers,3613,"Morin, P",1750304,235,3,0.0128,https://baseball.pointstreak.com/team_stats.html?teamid=3613&seasonid=34130
ALPB- 2015,29210,Long Island Ducks,3609,"Lyons, D",127728,465,6,0.0129,https://baseball.pointstreak.com/team_stats.html?teamid=3609&seasonid=29210
ALPB- 2017,30757,York Revolution,3614,"Harris, A",621744,460,6,0.013,https://baseball.pointstreak.com/team_stats.html?teamid=3614&seasonid=30757
ALPB- 2023,34162,Staten Island Ferry Hawks,163526,"Elliott, J",1751027,384,5,0.013,https://baseball.pointstreak.com/team_stats.html?teamid=163526&seasonid=34162
ALPB- 2025,34102,Long Island Ducks,3609,"Thomas, C",1754321,307,4,0.013,https://baseball.pointstreak.com/team_stats.html?teamid=3609&seasonid=34102
ALPB- 2025,34102,Lexington Legends,163530,"Rock, D",1747327,307,4,0.013,https://baseball.pointstreak.com/team_stats.html?teamid=163530&seasonid=34102
ALPB- 2021,34146,Southern Maryland Blue Crabs,3608,"Hibbert, M",1697270,230,3,0.013,https://baseball.pointstreak.com/team_stats.html?teamid=3608&seasonid=34146
ALPB- 2012,12585,Long Island Ducks,3609,"x Gorecki, R",275658,306,4,0.0131,https://baseball.pointstreak.com/team_stats.html?teamid=3609&seasonid=12585
ALPB - 2010,249,Southern Maryland Blue Crabs,3608,"Benjamin, C",45600,454,6,0.0132,https://baseball.pointstreak.com/team_stats.html?teamid=3608&seasonid=249
ALPB- 2017,30757,Southern Maryland Blue Crabs,3608,"Vaughn, C",957751,453,6,0.0132,https://baseball.pointstreak.com/team_stats.html?teamid=3608&seasonid=30757
ALPB- 2023,34162,York Revolution,3614,"Giambrone, T",1751057,450,6,0.0133,https://baseball.pointstreak.com/team_stats.html?teamid=3614&seasonid=34162
ALPB- 2018,31284,New Britain Bees,107693,"Walton, J",946842,375,5,0.0133,https://baseball.pointstreak.com/team_stats.html?teamid=107693&seasonid=31284
ALPB- 2023,34162,Lancaster Barnstormers,3613,"Conley, J",1751042,300,4,0.0133,https://baseball.pointstreak.com/team_stats.html?teamid=3613&seasonid=34162
ALPB- 2024,33927,York Revolution,3614,"Wiel, Z",1696994,226,3,0.0133,https://baseball.pointstreak.com/team_stats.html?teamid=3614&seasonid=33927
ALPB- 2015,29210,Camden Riversharks,3610,"Crawford, E",701541,224,3,0.0134,https://baseball.pointstreak.com/team_stats.html?teamid=3610&seasonid=29210
ALPB - 2010,249,Lancaster Barnstormers,3613,"x Perry, J",45652,370,5,0.0135,https://baseball.pointstreak.com/team_stats.html?teamid=3613&seasonid=249
ALPB- 2025,34102,Charleston Dirty Birds,163527,"Demeritte, T",1752394,297,4,0.0135,https://baseball.pointstreak.com/team_stats.html?teamid=163527&seasonid=34102
ALPB- 2013,21966,Camden Riversharks,3610,"x Drennen, J",442790,222,3,0.0135,https://baseball.pointstreak.com/team_stats.html?teamid=3610&seasonid=21966
ALPB - 2010,249,Lancaster Barnstormers,3613,"Witter, A",45645,222,3,0.0135,https://baseball.pointstreak.com/team_stats.html?teamid=3613&seasonid=249
ALPB- 2024,33927,Gastonia Baseball Club,163528,"Watson Jr, K",1696446,368,5,0.0136,https://baseball.pointstreak.com/team_stats.html?teamid=163528&seasonid=33927
ALPB- 2018,31284,New Britain Bees,107693,"x Brignac, R",1255233,220,3,0.0136,https://baseball.pointstreak.com/team_stats.html?teamid=107693&seasonid=31284
ALPB - 2011,540,Lancaster Barnstormers,3613,"Suarez, I",155402,220,3,0.0136,https://baseball.pointstreak.com/team_stats.html?teamid=3613&seasonid=540
ALPB - 2011,540,Long Island Ducks,3609,"Jones, K",127678,438,6,0.0137,https://baseball.pointstreak.com/team_stats.html?teamid=3609&seasonid=540
ALPB- 2018,31284,Lancaster Barnstormers,3613,"Hobson, K",1113281,291,4,0.0137,https://baseball.pointstreak.com/team_stats.html?teamid=3613&seasonid=31284
ALPB- 2022,34154,Lancaster Barnstormers,3613,"Dunston, S",1750750,219,3,0.0137,https://baseball.pointstreak.com/team_stats.html?teamid=3613&seasonid=34154
ALPB- 2018,31284,York Revolution,3614,"Mitchell, J",1002184,436,6,0.0138,https://baseball.pointstreak.com/team_stats.html?teamid=3614&seasonid=31284
ALPB- 2015,29210,Camden Riversharks,3610,"Chaves, B",600232,434,6,0.0138,https://baseball.pointstreak.com/team_stats.html?teamid=3610&seasonid=29210
ALPB- 2019,34130,New Britain Bees,107693,"Moore, L",1750040,363,5,0.0138,https://baseball.pointstreak.com/team_stats.html?teamid=107693&seasonid=34130
ALPB - 2010,249,Bridgeport Bluefish,3611,"Chaves, B",45548,431,6,0.0139,https://baseball.pointstreak.com/team_stats.html?teamid=3611&seasonid=249
ALPB- 2023,34162,Staten Island Ferry Hawks,163526,"Castro, L",1750921,361,5,0.0139,https://baseball.pointstreak.com/team_stats.html?teamid=163526&seasonid=34162
ALPB- 2024,33927,Southern Maryland Blue Crabs,3608,"Wielansky, M",1697268,359,5,0.0139,https://baseball.pointstreak.com/team_stats.html?teamid=3608&seasonid=33927
ALPB- 2014,28163,Southern Maryland Blue Crabs,3608,"Stevens, B",667202,288,4,0.0139,https://baseball.pointstreak.com/team_stats.html?teamid=3608&seasonid=28163
ALPB- 2021,34146,Long Island Ducks,3609,"Berardi, J",1750053,216,3,0.0139,https://baseball.pointstreak.com/team_stats.html?teamid=3609&seasonid=34146
ALPB- 2014,28163,Bridgeport Bluefish,3611,"x Towles, J",600716,216,3,0.0139,https://baseball.pointstreak.com/team_stats.html?teamid=3611&seasonid=28163
ALPB- 2022,34154,Staten Island Ferry Hawks,163526,"Betancourt, J",1268626,358,5,0.014,https://baseball.pointstreak.com/team_stats.html?teamid=163526&seasonid=34154
ALPB- 2023,34162,Charleston Dirty Birds,163527,"Pérez, Y",1750166,357,5,0.014,https://baseball.pointstreak.com/team_stats.html?teamid=163527&seasonid=34162
ALPB- 2016,30100,Sugar Land Skeeters,34136,"Tosoni, R",718999,356,5,0.014,https://baseball.pointstreak.com/team_stats.html?teamid=34136&seasonid=30100
ALPB- 2014,28163,Camden Riversharks,3610,"Hudak, A",614187,286,4,0.014,https://baseball.pointstreak.com/team_stats.html?teamid=3610&seasonid=28163
ALPB- 2023,34162,Charleston Dirty Birds,163527,"Mehlbauer, C",1747324,215,3,0.014,https://baseball.pointstreak.com/team_stats.html?teamid=163527&seasonid=34162
ALPB- 2024,33927,Southern Maryland Blue Crabs,3608,"Ray, A",1697271,214,3,0.014,https://baseball.pointstreak.com/team_stats.html?teamid=3608&seasonid=33927
ALPB- 2021,34146,Southern Maryland Blue Crabs,3608,"Baca, M",1716577,355,5,0.0141,https://baseball.pointstreak.com/team_stats.html?teamid=3608&seasonid=34146
ALPB- 2023,34162,Southern Maryland Blue Crabs,3608,"Yetsko, I",1750715,213,3,0.0141,https://baseball.pointstreak.com/team_stats.html?teamid=3608&seasonid=34162
ALPB- 2022,34154,Kentucky Wild Health Genomes,165440,"Miller, A",1750824,213,3,0.0141,https://baseball.pointstreak.com/team_stats.html?teamid=165440&seasonid=34154
ALPB- 2019,34130,Lancaster Barnstormers,3613,"Gindl, C",1111228,492,7,0.0142,https://baseball.pointstreak.com/team_stats.html?teamid=3613&seasonid=34130
ALPB- 2023,34162,Charleston Dirty Birds,163527,"Smith, J",1750770,424,6,0.0142,https://baseball.pointstreak.com/team_stats.html?teamid=163527&seasonid=34162
ALPB- 2018,31284,Sugar Land Skeeters,34136,"Phipps, D",1490308,351,5,0.0142,https://baseball.pointstreak.com/team_stats.html?teamid=34136&seasonid=31284
ALPB- 2015,29210,Southern Maryland Blue Crabs,3608,"Maddox, C",1390953,282,4,0.0142,https://baseball.pointstreak.com/team_stats.html?teamid=3608&seasonid=29210
ALPB- 2017,30757,Bridgeport Bluefish,3611,"x Guillen, O",1102323,281,4,0.0142,https://baseball.pointstreak.com/team_stats.html?teamid=3611&seasonid=30757
ALPB- 2017,30757,York Revolution,3614,"Mitchell, J",1002184,421,6,0.0143,https://baseball.pointstreak.com/team_stats.html?teamid=3614&seasonid=30757
ALPB- 2016,30100,York Revolution,3614,"Wilson, J",963336,420,6,0.0143,https://baseball.pointstreak.com/team_stats.html?teamid=3614&seasonid=30100
ALPB- 2015,29210,Camden Riversharks,3610,"Rockett, D",938572,350,5,0.0143,https://baseball.pointstreak.com/team_stats.html?teamid=3610&seasonid=29210
ALPB- 2012,12585,Sugar Land Skeeters,34136,"Suarez, I",290836,349,5,0.0143,https://baseball.pointstreak.com/team_stats.html?teamid=34136&seasonid=12585
ALPB - 2011,540,Road Warriors,12699,"x Sosa, C",128999,279,4,0.0143,https://baseball.pointstreak.com/team_stats.html?teamid=12699&seasonid=540
ALPB - 2010,249,York Revolution,3614,"Jeroloman, C",45502,485,7,0.0144,https://baseball.pointstreak.com/team_stats.html?teamid=3614&seasonid=249
ALPB- 2019,34130,High Point Rockers,163529,"Ladendorf, T",1750032,347,5,0.0144,https://baseball.pointstreak.com/team_stats.html?teamid=163529&seasonid=34130
ALPB- 2025,34102,Charleston Dirty Birds,163527,"Rosa, J",1750018,347,5,0.0144,https://baseball.pointstreak.com/team_stats.html?teamid=163527&seasonid=34102
ALPB- 2016,30100,Somerset Patriots,3604,"Zarrillo, V",976102,277,4,0.0144,https://baseball.pointstreak.com/team_stats.html?teamid=3604&seasonid=30100
ALPB- 2015,29210,Southern Maryland Blue Crabs,3608,"Walton, J",946842,346,5,0.0145,https://baseball.pointstreak.com/team_stats.html?teamid=3608&seasonid=29210
ALPB- 2024,33927,Gastonia Baseball Club,163528,"Flores, M",1710923,276,4,0.0145,https://baseball.pointstreak.com/team_stats.html?teamid=163528&seasonid=33927
ALPB- 2022,34154,Lancaster Barnstormers,3613,"Shaver, C",1750754,275,4,0.0145,https://baseball.pointstreak.com/team_stats.html?teamid=3613&seasonid=34154
ALPB- 2015,29210,York Revolution,3614,"Reynolds, M",1235512,275,4,0.0145,https://baseball.pointstreak.com/team_stats.html?teamid=3614&seasonid=29210
ALPB- 2024,33927,High Point Rockers,163529,"Aklinski, B",1695413,478,7,0.0146,https://baseball.pointstreak.com/team_stats.html?teamid=163529&seasonid=33927
ALPB- 2018,31284,New Britain Bees,107693,"Ford, D",1256788,478,7,0.0146,https://baseball.pointstreak.com/team_stats.html?teamid=107693&seasonid=31284
ALPB- 2013,21966,Lancaster Barnstormers,3613,"Owens, J",440815,478,7,0.0146,https://baseball.pointstreak.com/team_stats.html?teamid=3613&seasonid=21966
ALPB- 2013,21966,Southern Maryland Blue Crabs,3608,"Nicolas, C",386631,410,6,0.0146,https://baseball.pointstreak.com/team_stats.html?teamid=3608&seasonid=21966
ALPB- 2023,34162,Southern Maryland Blue Crabs,3608,"Quiroz, I",1745419,274,4,0.0146,https://baseball.pointstreak.com/team_stats.html?teamid=3608&seasonid=34162
ALPB- 2025,34102,Southern Maryland Blue Crabs,3608,"De Aza, A",1752596,274,4,0.0146,https://baseball.pointstreak.com/team_stats.html?teamid=3608&seasonid=34102
ALPB- 2016,30100,New Britain Bees,107693,"Hewitt, A",956469,274,4,0.0146,https://baseball.pointstreak.com/team_stats.html?teamid=107693&seasonid=30100
ALPB- 2021,34146,Lancaster Barnstormers,3613,"Shumpert, N",1750454,206,3,0.0146,https://baseball.pointstreak.com/team_stats.html?teamid=3613&seasonid=34146
ALPB- 2013,21966,Long Island Ducks,3609,"x Perales, D",436810,205,3,0.0146,https://baseball.pointstreak.com/team_stats.html?teamid=3609&seasonid=21966
ALPB- 2016,30100,Somerset Patriots,3604,"x Jones, M",958060,341,5,0.0147,https://baseball.pointstreak.com/team_stats.html?teamid=3604&seasonid=30100
ALPB- 2023,34162,High Point Rockers,163529,"Yang, D",1751083,340,5,0.0147,https://baseball.pointstreak.com/team_stats.html?teamid=163529&seasonid=34162
ALPB- 2019,34130,Southern Maryland Blue Crabs,3608,"McAdams, J",1750066,272,4,0.0147,https://baseball.pointstreak.com/team_stats.html?teamid=3608&seasonid=34130
ALPB- 2023,34162,Southern Maryland Blue Crabs,3608,"Hobson, K",1750300,405,6,0.0148,https://baseball.pointstreak.com/team_stats.html?teamid=3608&seasonid=34162
ALPB- 2016,30100,York Revolution,3614,"Mitchell, J",1002184,270,4,0.0148,https://baseball.pointstreak.com/team_stats.html?teamid=3614&seasonid=30100
ALPB- 2017,30757,Sugar Land Skeeters,34136,"Prince, J",960120,471,7,0.0149,https://baseball.pointstreak.com/team_stats.html?teamid=34136&seasonid=30757
ALPB- 2022,34154,High Point Rockers,163529,"Downs, J",1750513,403,6,0.0149,https://baseball.pointstreak.com/team_stats.html?teamid=163529&seasonid=34154
ALPB- 2025,34102,Staten Island Ferry Hawks,163526,"x Fontana, S",1748798,202,3,0.0149,https://baseball.pointstreak.com/team_stats.html?teamid=163526&seasonid=34102
ALPB- 2025,34102,York Revolution,3614,"x Arocho, J",1765821,202,3,0.0149,https://baseball.pointstreak.com/team_stats.html?teamid=3614&seasonid=34102
ALPB- 2024,33927,Long Island Ducks,3609,"x Dearden, T",1694120,202,3,0.0149,https://baseball.pointstreak.com/team_stats.html?teamid=3609&seasonid=33927
ALPB- 2019,34130,Southern Maryland Blue Crabs,3608,"Thomas, A",1750317,466,7,0.015,https://baseball.pointstreak.com/team_stats.html?teamid=3608&seasonid=34130
ALPB- 2022,34154,Charleston Dirty Birds,163527,"González, A",1750843,267,4,0.015,https://baseball.pointstreak.com/team_stats.html?teamid=163527&seasonid=34154
ALPB- 2019,34130,Long Island Ducks,3609,"Turbo, J",1749709,267,4,0.015,https://baseball.pointstreak.com/team_stats.html?teamid=3609&seasonid=34130
ALPB - 2010,249,Long Island Ducks,3609,"Francia, J",45567,267,4,0.015,https://baseball.pointstreak.com/team_stats.html?teamid=3609&seasonid=249
ALPB- 2015,29210,Bridgeport Bluefish,3611,"x Rodriguez, L",757218,200,3,0.015,https://baseball.pointstreak.com/team_stats.html?teamid=3611&seasonid=29210
ALPB - 2011,540,Long Island Ducks,3609,"Esquivel, M",300197,332,5,0.0151,https://baseball.pointstreak.com/team_stats.html?teamid=3609&seasonid=540
ALPB- 2017,30757,Somerset Patriots,3604,"Eggleston, A",415718,331,5,0.0151,https://baseball.pointstreak.com/team_stats.html?teamid=3604&seasonid=30757
ALPB- 2023,34162,High Point Rockers,163529,"Taylor, B",1751091,265,4,0.0151,https://baseball.pointstreak.com/team_stats.html?teamid=163529&seasonid=34162
ALPB- 2019,34130,Long Island Ducks,3609,"Mazzilli, L",1750041,460,7,0.0152,https://baseball.pointstreak.com/team_stats.html?teamid=3609&seasonid=34130
ALPB- 2023,34162,Spire City Ghost Hounds,165441,"Marmolejos, J",1751111,396,6,0.0152,https://baseball.pointstreak.com/team_stats.html?teamid=165441&seasonid=34162
ALPB- 2023,34162,Staten Island Ferry Hawks,163526,"Cespedes, R",1750639,329,5,0.0152,https://baseball.pointstreak.com/team_stats.html?teamid=163526&seasonid=34162
ALPB- 2016,30100,York Revolution,3614,"Rockett, M",938446,458,7,0.0153,https://baseball.pointstreak.com/team_stats.html?teamid=3614&seasonid=30100
ALPB- 2016,30100,Somerset Patriots,3604,"Eggleston, A",415718,458,7,0.0153,https://baseball.pointstreak.com/team_stats.html?teamid=3604&seasonid=30100
ALPB- 2025,34102,Long Island Ducks,3609,"Kohlwey, T",1748019,327,5,0.0153,https://baseball.pointstreak.com/team_stats.html?teamid=3609&seasonid=34102
ALPB - 2011,540,Bridgeport Bluefish,3611,"Lopez, L",45552,456,7,0.0154,https://baseball.pointstreak.com/team_stats.html?teamid=3611&seasonid=540
ALPB- 2021,34146,Lexington Legends,163530,"Hawkins, C",1701072,324,5,0.0154,https://baseball.pointstreak.com/team_stats.html?teamid=163530&seasonid=34146
ALPB- 2022,34154,Gastonia Honey Hunters,163528,"Levy, S",1750511,260,4,0.0154,https://baseball.pointstreak.com/team_stats.html?teamid=163528&seasonid=34154
ALPB- 2012,12585,Bridgeport Bluefish,3611,"Gathright, J",283023,260,4,0.0154,https://baseball.pointstreak.com/team_stats.html?teamid=3611&seasonid=12585
ALPB- 2014,28163,York Revolution,3614,"Smith, S",580473,453,7,0.0155,https://baseball.pointstreak.com/team_stats.html?teamid=3614&seasonid=28163
ALPB- 2023,34162,High Point Rockers,163529,"Aklinski, B",1750098,451,7,0.0155,https://baseball.pointstreak.com/team_stats.html?teamid=163529&seasonid=34162
ALPB- 2013,21966,Sugar Land Skeeters,34136,"Scott, T",442667,387,6,0.0155,https://baseball.pointstreak.com/team_stats.html?teamid=34136&seasonid=21966
ALPB- 2022,34154,Long Island Ducks,3609,"Travis, S",1750668,323,5,0.0155,https://baseball.pointstreak.com/team_stats.html?teamid=3609&seasonid=34154
ALPB- 2025,34102,Gastonia Ghost Peppers,163528,"Roederer, C",1749859,323,5,0.0155,https://baseball.pointstreak.com/team_stats.html?teamid=163528&seasonid=34102
ALPB- 2018,31284,Sugar Land Skeeters,34136,"x Hawkins, C",1256099,323,5,0.0155,https://baseball.pointstreak.com/team_stats.html?teamid=34136&seasonid=31284
ALPB- 2013,21966,Sugar Land Skeeters,34136,"x Rockett, M",442692,258,4,0.0155,https://baseball.pointstreak.com/team_stats.html?teamid=34136&seasonid=21966
ALPB- 2017,30757,New Britain Bees,107693,"Bierfeldt, C",1270676,450,7,0.0156,https://baseball.pointstreak.com/team_stats.html?teamid=107693&seasonid=30757
ALPB- 2023,34162,High Point Rockers,163529,"Grotjohn, R",1751099,384,6,0.0156,https://baseball.pointstreak.com/team_stats.html?teamid=163529&seasonid=34162
ALPB- 2024,33927,Charleston Dirty Birds,163527,"Rosa, J",1715048,257,4,0.0156,https://baseball.pointstreak.com/team_stats.html?teamid=163527&seasonid=33927
ALPB- 2016,30100,Long Island Ducks,3609,"Colvin, T",980282,257,4,0.0156,https://baseball.pointstreak.com/team_stats.html?teamid=3609&seasonid=30100
ALPB- 2015,29210,Long Island Ducks,3609,"x Corona, R",790192,257,4,0.0156,https://baseball.pointstreak.com/team_stats.html?teamid=3609&seasonid=29210
ALPB- 2014,28163,Bridgeport Bluefish,3611,"Richard, M",163093,256,4,0.0156,https://baseball.pointstreak.com/team_stats.html?teamid=3611&seasonid=28163
ALPB- 2014,28163,Bridgeport Bluefish,3611,"x Almonte, D",600721,256,4,0.0156,https://baseball.pointstreak.com/team_stats.html?teamid=3611&seasonid=28163
ALPB- 2013,21966,Lancaster Barnstormers,3613,"Denker, T",370201,510,8,0.0157,https://baseball.pointstreak.com/team_stats.html?teamid=3613&seasonid=21966
ALPB- 2016,30100,Southern Maryland Blue Crabs,3608,"Myers, D",974317,382,6,0.0157,https://baseball.pointstreak.com/team_stats.html?teamid=3608&seasonid=30100
ALPB- 2025,34102,Gastonia Ghost Peppers,163528,"Guthrie, D",1748847,318,5,0.0157,https://baseball.pointstreak.com/team_stats.html?teamid=163528&seasonid=34102
ALPB- 2013,21966,Long Island Ducks,3609,"Hall, B",474706,318,5,0.0157,https://baseball.pointstreak.com/team_stats.html?teamid=3609&seasonid=21966
ALPB- 2018,31284,Lancaster Barnstormers,3613,"Gailen, B",290236,444,7,0.0158,https://baseball.pointstreak.com/team_stats.html?teamid=3613&seasonid=31284
ALPB - 2010,249,Long Island Ducks,3609,"Cavagnaro, M",45566,443,7,0.0158,https://baseball.pointstreak.com/team_stats.html?teamid=3609&seasonid=249
ALPB- 2014,28163,York Revolution,3614,"Garcia, T",600231,442,7,0.0158,https://baseball.pointstreak.com/team_stats.html?teamid=3614&seasonid=28163
ALPB- 2015,29210,Bridgeport Bluefish,3611,"Prince, J",960120,253,4,0.0158,https://baseball.pointstreak.com/team_stats.html?teamid=3611&seasonid=29210
ALPB - 2010,249,Somerset Patriots,3604,"Burke, J",46189,441,7,0.0159,https://baseball.pointstreak.com/team_stats.html?teamid=3604&seasonid=249
ALPB- 2021,34146,Lexington Legends,163530,"Pugh, T",1750086,378,6,0.0159,https://baseball.pointstreak.com/team_stats.html?teamid=163530&seasonid=34146
ALPB- 2021,34146,Southern Maryland Blue Crabs,3608,"Crosby, A",1750077,377,6,0.0159,https://baseball.pointstreak.com/team_stats.html?teamid=3608&seasonid=34146
ALPB- 2013,21966,Bridgeport Bluefish,3611,"Simmons, J",838995,315,5,0.0159,https://baseball.pointstreak.com/team_stats.html?teamid=3611&seasonid=21966
ALPB - 2011,540,Road Warriors,12699,"Cruz, A",127872,251,4,0.0159,https://baseball.pointstreak.com/team_stats.html?teamid=12699&seasonid=540
ALPB- 2022,34154,Staten Island Ferry Hawks,163526,"Cespedes, R",1750639,438,7,0.016,https://baseball.pointstreak.com/team_stats.html?teamid=163526&seasonid=34154
ALPB- 2016,30100,Sugar Land Skeeters,34136,"x Hague, R",960121,437,7,0.016,https://baseball.pointstreak.com/team_stats.html?teamid=34136&seasonid=30100
ALPB- 2016,30100,Southern Maryland Blue Crabs,3608,"Garcia, E",963921,436,7,0.0161,https://baseball.pointstreak.com/team_stats.html?teamid=3608&seasonid=30100
ALPB - 2010,249,Long Island Ducks,3609,"x Hernandez, J",45572,311,5,0.0161,https://baseball.pointstreak.com/team_stats.html?teamid=3609&seasonid=249
ALPB- 2021,34146,York Revolution,3614,"Rodriguez, N",1750414,310,5,0.0161,https://baseball.pointstreak.com/team_stats.html?teamid=3614&seasonid=34146
ALPB - 2011,540,Long Island Ducks,3609,"Colina, J",127671,431,7,0.0162,https://baseball.pointstreak.com/team_stats.html?teamid=3609&seasonid=540
ALPB- 2025,34102,Charleston Dirty Birds,163527,"Daniels, Z",1750013,371,6,0.0162,https://baseball.pointstreak.com/team_stats.html?teamid=163527&seasonid=34102
ALPB- 2016,30100,Bridgeport Bluefish,3611,"Chavez, E",947086,371,6,0.0162,https://baseball.pointstreak.com/team_stats.html?teamid=3611&seasonid=30100
ALPB- 2017,30757,New Britain Bees,107693,"Crouse, M",941125,491,8,0.0163,https://baseball.pointstreak.com/team_stats.html?teamid=107693&seasonid=30757
ALPB- 2023,34162,High Point Rockers,163529,"Burt, D",1751095,307,5,0.0163,https://baseball.pointstreak.com/team_stats.html?teamid=163529&seasonid=34162
ALPB - 2010,249,Somerset Patriots,3604,"Hernandez, M",619536,307,5,0.0163,https://baseball.pointstreak.com/team_stats.html?teamid=3604&seasonid=249
ALPB- 2019,34130,Long Island Ducks,3609,"Romero, D",1234788,246,4,0.0163,https://baseball.pointstreak.com/team_stats.html?teamid=3609&seasonid=34130
ALPB- 2014,28163,Lancaster Barnstormers,3613,"Gailen, B",290236,246,4,0.0163,https://baseball.pointstreak.com/team_stats.html?teamid=3613&seasonid=28163
ALPB- 2024,33927,Staten Island Ferry Hawks,163526,"De Aza, A",1711164,245,4,0.0163,https://baseball.pointstreak.com/team_stats.html?teamid=163526&seasonid=33927
ALPB- 2014,28163,Lancaster Barnstormers,3613,"Frawley, C",285152,245,4,0.0163,https://baseball.pointstreak.com/team_stats.html?teamid=3613&seasonid=28163
ALPB - 2010,249,Southern Maryland Blue Crabs,3608,"Garcia, T",45603,489,8,0.0164,https://baseball.pointstreak.com/team_stats.html?teamid=3608&seasonid=249
ALPB- 2012,12585,Lancaster Barnstormers,3613,"Kirkland, K",505683,304,5,0.0164,https://baseball.pointstreak.com/team_stats.html?teamid=3613&seasonid=12585
ALPB- 2023,34162,Lexington Counter Clocks,163530,"Dawson, R",1751200,244,4,0.0164,https://baseball.pointstreak.com/team_stats.html?teamid=163530&seasonid=34162
ALPB- 2019,34130,Lancaster Barnstormers,3613,"Sandford, C",1750089,423,7,0.0165,https://baseball.pointstreak.com/team_stats.html?teamid=3613&seasonid=34130
ALPB - 2010,249,Bridgeport Bluefish,3611,"Putnam, D",45556,364,6,0.0165,https://baseball.pointstreak.com/team_stats.html?teamid=3611&seasonid=249
ALPB- 2024,33927,Lexington Legends,163530,"Cottam, K",1695742,418,7,0.0167,https://baseball.pointstreak.com/team_stats.html?teamid=163530&seasonid=33927
ALPB- 2018,31284,Road Warriors,133094,"Martinez, O",1246939,418,7,0.0167,https://baseball.pointstreak.com/team_stats.html?teamid=133094&seasonid=31284
ALPB- 2017,30757,New Britain Bees,107693,"Kajimoto, Y",1129814,360,6,0.0167,https://baseball.pointstreak.com/team_stats.html?teamid=107693&seasonid=30757
ALPB- 2023,34162,Charleston Dirty Birds,163527,"Nash, T",824103,359,6,0.0167,https://baseball.pointstreak.com/team_stats.html?teamid=163527&seasonid=34162
ALPB- 2018,31284,Road Warriors,133094,"Ray, A",1341401,240,4,0.0167,https://baseball.pointstreak.com/team_stats.html?teamid=133094&seasonid=31284
ALPB- 2022,34154,Gastonia Honey Hunters,163528,"Reinheimer, J",1750918,477,8,0.0168,https://baseball.pointstreak.com/team_stats.html?teamid=163528&seasonid=34154
ALPB- 2013,21966,Long Island Ducks,3609,"x Brodin, J",884890,417,7,0.0168,https://baseball.pointstreak.com/team_stats.html?teamid=3609&seasonid=21966
ALPB- 2012,12585,Somerset Patriots,3604,"Hoorelbeke, J",289083,358,6,0.0168,https://baseball.pointstreak.com/team_stats.html?teamid=3604&seasonid=12585
ALPB - 2011,540,Road Warriors,12699,"Johnson, J",289116,358,6,0.0168,https://baseball.pointstreak.com/team_stats.html?teamid=12699&seasonid=540
ALPB - 2010,249,Lancaster Barnstormers,3613,"Mulhern, R",57258,298,5,0.0168,https://baseball.pointstreak.com/team_stats.html?teamid=3613&seasonid=249
ALPB- 2018,31284,York Revolution,3614,"Burgess, M",1003699,297,5,0.0168,https://baseball.pointstreak.com/team_stats.html?teamid=3614&seasonid=31284
ALPB- 2012,12585,Sugar Land Skeeters,34136,"Martinez, O",290831,297,5,0.0168,https://baseball.pointstreak.com/team_stats.html?teamid=34136&seasonid=12585
ALPB- 2012,12585,Long Island Ducks,3609,"Esquivel, M",300197,238,4,0.0168,https://baseball.pointstreak.com/team_stats.html?teamid=3609&seasonid=12585
ALPB- 2014,28163,Long Island Ducks,3609,"Lentini, F",582166,593,10,0.0169,https://baseball.pointstreak.com/team_stats.html?teamid=3609&seasonid=28163
ALPB- 2021,34146,Gastonia Honey Hunters,163528,"Sale, J",1750579,415,7,0.0169,https://baseball.pointstreak.com/team_stats.html?teamid=163528&seasonid=34146
ALPB- 2022,34154,Lexington Legends,163530,"Pugh, T",1750086,356,6,0.0169,https://baseball.pointstreak.com/team_stats.html?teamid=163530&seasonid=34154
ALPB- 2023,34162,Long Island Ducks,3609,"De Aza, A",1711164,295,5,0.0169,https://baseball.pointstreak.com/team_stats.html?teamid=3609&seasonid=34162
ALPB- 2014,28163,Southern Maryland Blue Crabs,3608,"x Hankerd, C",592708,237,4,0.0169,https://baseball.pointstreak.com/team_stats.html?teamid=3608&seasonid=28163
ALPB- 2014,28163,Lancaster Barnstormers,3613,"Garner, C",612859,530,9,0.017,https://baseball.pointstreak.com/team_stats.html?teamid=3613&seasonid=28163
ALPB- 2013,21966,Somerset Patriots,3604,"Skelton, J",780624,235,4,0.017,https://baseball.pointstreak.com/team_stats.html?teamid=3604&seasonid=21966
ALPB- 2012,12585,Bridgeport Bluefish,3611,"Jones, K",286509,467,8,0.0171,https://baseball.pointstreak.com/team_stats.html?teamid=3611&seasonid=12585
ALPB- 2025,34102,Lancaster Stormers,3613,"Martin, M",1747602,350,6,0.0171,https://baseball.pointstreak.com/team_stats.html?teamid=3613&seasonid=34102
ALPB- 2023,34162,Spire City Ghost Hounds,165441,"Cabrera, L",1728741,466,8,0.0172,https://baseball.pointstreak.com/team_stats.html?teamid=165441&seasonid=34162
ALPB- 2018,31284,Sugar Land Skeeters,34136,"Giansanti, A",1101035,465,8,0.0172,https://baseball.pointstreak.com/team_stats.html?teamid=34136&seasonid=31284
ALPB- 2015,29210,Somerset Patriots,3604,"Eggleston, A",415718,408,7,0.0172,https://baseball.pointstreak.com/team_stats.html?teamid=3604&seasonid=29210
ALPB- 2022,34154,Charleston Dirty Birds,163527,"Burcham, S",1750859,349,6,0.0172,https://baseball.pointstreak.com/team_stats.html?teamid=163527&seasonid=34154
ALPB- 2014,28163,Somerset Patriots,3604,"Barden, B",650397,290,5,0.0172,https://baseball.pointstreak.com/team_stats.html?teamid=3604&seasonid=28163
ALPB- 2021,34146,Charleston Dirty Birds,163527,"Kelly, S",1764620,232,4,0.0172,https://baseball.pointstreak.com/team_stats.html?teamid=163527&seasonid=34146
ALPB- 2013,21966,York Revolution,3614,"Perez, A",288351,520,9,0.0173,https://baseball.pointstreak.com/team_stats.html?teamid=3614&seasonid=21966
ALPB- 2016,30100,Long Island Ducks,3609,"Cleary Jr., D",807269,405,7,0.0173,https://baseball.pointstreak.com/team_stats.html?teamid=3609&seasonid=30100
ALPB- 2012,12585,York Revolution,3614,"x Shanks, J",375161,289,5,0.0173,https://baseball.pointstreak.com/team_stats.html?teamid=3614&seasonid=12585
ALPB - 2011,540,Southern Maryland Blue Crabs,3608,"x Sanchez, Y",125433,231,4,0.0173,https://baseball.pointstreak.com/team_stats.html?teamid=3608&seasonid=540
ALPB- 2023,34162,Charleston Dirty Birds,163527,"Miller, J",1745941,344,6,0.0174,https://baseball.pointstreak.com/team_stats.html?teamid=163527&seasonid=34162
ALPB- 2022,34154,Lancaster Barnstormers,3613,"Loehr, T",1747595,344,6,0.0174,https://baseball.pointstreak.com/team_stats.html?teamid=3613&seasonid=34154
ALPB- 2021,34146,Long Island Ducks,3609,"Giardina, S",1750057,230,4,0.0174,https://baseball.pointstreak.com/team_stats.html?teamid=3609&seasonid=34146
ALPB- 2017,30757,New Britain Bees,107693,"McGuiggan, J",1009370,230,4,0.0174,https://baseball.pointstreak.com/team_stats.html?teamid=107693&seasonid=30757
ALPB - 2011,540,Camden Riversharks,3610,"Pacheco, J",160413,230,4,0.0174,https://baseball.pointstreak.com/team_stats.html?teamid=3610&seasonid=540
ALPB- 2024,33927,High Point Rockers,163529,"Owings, C",1697000,457,8,0.0175,https://baseball.pointstreak.com/team_stats.html?teamid=163529&seasonid=33927
ALPB- 2023,34162,Charleston Dirty Birds,163527,"Bradley, B",1751137,400,7,0.0175,https://baseball.pointstreak.com/team_stats.html?teamid=163527&seasonid=34162
ALPB- 2016,30100,Lancaster Barnstormers,3613,"Halton, S",947323,400,7,0.0175,https://baseball.pointstreak.com/team_stats.html?teamid=3613&seasonid=30100
ALPB- 2019,34130,Somerset Patriots,3604,"Massey, C",800008,343,6,0.0175,https://baseball.pointstreak.com/team_stats.html?teamid=3604&seasonid=34130
ALPB- 2012,12585,York Revolution,3614,"Thurston, J",347337,229,4,0.0175,https://baseball.pointstreak.com/team_stats.html?teamid=3614&seasonid=12585
ALPB- 2025,34102,York Revolution,3614,"Higgins, R",1749208,228,4,0.0175,https://baseball.pointstreak.com/team_stats.html?teamid=3614&seasonid=34102
ALPB - 2011,540,Bridgeport Bluefish,3611,"x Berroa, A",128331,228,4,0.0175,https://baseball.pointstreak.com/team_stats.html?teamid=3611&seasonid=540
ALPB- 2014,28163,Long Island Ducks,3609,"Puckett, C",604340,568,10,0.0176,https://baseball.pointstreak.com/team_stats.html?teamid=3609&seasonid=28163
ALPB- 2016,30100,Sugar Land Skeeters,34136,"Barfield, J",816676,510,9,0.0176,https://baseball.pointstreak.com/team_stats.html?teamid=34136&seasonid=30100
ALPB - 2011,540,Lancaster Barnstormers,3613,"Mejia, G",128904,455,8,0.0176,https://baseball.pointstreak.com/team_stats.html?teamid=3613&seasonid=540
ALPB- 2017,30757,Southern Maryland Blue Crabs,3608,"Cone, Z",1088826,454,8,0.0176,https://baseball.pointstreak.com/team_stats.html?teamid=3608&seasonid=30757
ALPB- 2018,31284,Long Island Ducks,3609,"Fields, D",1115672,341,6,0.0176,https://baseball.pointstreak.com/team_stats.html?teamid=3609&seasonid=31284
ALPB- 2016,30100,Somerset Patriots,3604,"x Fields, M",885458,227,4,0.0176,https://baseball.pointstreak.com/team_stats.html?teamid=3604&seasonid=30100
ALPB - 2011,540,Bridgeport Bluefish,3611,"Perez, A",128327,339,6,0.0177,https://baseball.pointstreak.com/team_stats.html?teamid=3611&seasonid=540
ALPB- 2022,34154,Southern Maryland Blue Crabs,3608,"Crosby, A",1750077,450,8,0.0178,https://baseball.pointstreak.com/team_stats.html?teamid=3608&seasonid=34154
ALPB- 2015,29210,York Revolution,3614,"Boggs, B",781761,450,8,0.0178,https://baseball.pointstreak.com/team_stats.html?teamid=3614&seasonid=29210
ALPB- 2021,34146,High Point Rockers,163529,"Downs, J",1750513,337,6,0.0178,https://baseball.pointstreak.com/team_stats.html?teamid=163529&seasonid=34146
ALPB- 2014,28163,Sugar Land Skeeters,34136,"x Stavinoha, N",601453,337,6,0.0178,https://baseball.pointstreak.com/team_stats.html?teamid=34136&seasonid=28163
ALPB- 2012,12585,Bridgeport Bluefish,3611,"Redman, P",128333,503,9,0.0179,https://baseball.pointstreak.com/team_stats.html?teamid=3611&seasonid=12585
ALPB- 2013,21966,Lancaster Barnstormers,3613,"Harvey, R",290238,448,8,0.0179,https://baseball.pointstreak.com/team_stats.html?teamid=3613&seasonid=21966
ALPB- 2024,33927,Charleston Dirty Birds,163527,"Ervin, P",1696561,391,7,0.0179,https://baseball.pointstreak.com/team_stats.html?teamid=163527&seasonid=33927
ALPB- 2019,34130,Sugar Land Skeeters,34136,"Mitchell, J",1750253,224,4,0.0179,https://baseball.pointstreak.com/team_stats.html?teamid=34136&seasonid=34130
ALPB- 2016,30100,Lancaster Barnstormers,3613,"Kobernus, J",950118,224,4,0.0179,https://baseball.pointstreak.com/team_stats.html?teamid=3613&seasonid=30100
ALPB - 2011,540,Lancaster Barnstormers,3613,"Everidge, T",128903,501,9,0.018,https://baseball.pointstreak.com/team_stats.html?teamid=3613&seasonid=540
ALPB- 2022,34154,Lexington Legends,163530,"Geraldo, M",1695409,389,7,0.018,https://baseball.pointstreak.com/team_stats.html?teamid=163530&seasonid=34154
ALPB- 2025,34102,High Point Rockers,163529,"x Gonzalez, L",1747964,334,6,0.018,https://baseball.pointstreak.com/team_stats.html?teamid=163529&seasonid=34102
ALPB- 2021,34146,High Point Rockers,163529,"McOwen, J",1088919,333,6,0.018,https://baseball.pointstreak.com/team_stats.html?teamid=163529&seasonid=34146
ALPB- 2025,34102,Hagerstown Flying Boxcars,163525,"Williams, T",1766572,222,4,0.018,https://baseball.pointstreak.com/team_stats.html?teamid=163525&seasonid=34102
ALPB- 2024,33927,Long Island Ducks,3609,"x Sisco, C",1694117,222,4,0.018,https://baseball.pointstreak.com/team_stats.html?teamid=3609&seasonid=33927
ALPB- 2022,34154,Lancaster Barnstormers,3613,"Hoover, J",1744259,331,6,0.0181,https://baseball.pointstreak.com/team_stats.html?teamid=3613&seasonid=34154
ALPB- 2023,34162,Lexington Counter Clocks,163530,"Tavarez, J",1750804,221,4,0.0181,https://baseball.pointstreak.com/team_stats.html?teamid=163530&seasonid=34162
ALPB- 2015,29210,York Revolution,3614,"Calderon, Y",1075788,221,4,0.0181,https://baseball.pointstreak.com/team_stats.html?teamid=3614&seasonid=29210
ALPB- 2022,34154,Long Island Ducks,3609,"Woodcock, D",1750688,329,6,0.0182,https://baseball.pointstreak.com/team_stats.html?teamid=3609&seasonid=34154
ALPB- 2013,21966,Lancaster Barnstormers,3613,"Russell, K",505698,220,4,0.0182,https://baseball.pointstreak.com/team_stats.html?teamid=3613&seasonid=21966
ALPB- 2013,21966,Bridgeport Bluefish,3611,"Krum, A",435078,493,9,0.0183,https://baseball.pointstreak.com/team_stats.html?teamid=3611&seasonid=21966
ALPB- 2016,30100,Long Island Ducks,3609,"Lyons, D",127728,382,7,0.0183,https://baseball.pointstreak.com/team_stats.html?teamid=3609&seasonid=30100
ALPB- 2016,30100,New Britain Bees,107693,"Crouse, M",941125,382,7,0.0183,https://baseball.pointstreak.com/team_stats.html?teamid=107693&seasonid=30100
ALPB- 2017,30757,York Revolution,3614,"x Triunfel, C",1131038,218,4,0.0183,https://baseball.pointstreak.com/team_stats.html?teamid=3614&seasonid=30757
ALPB- 2014,28163,Sugar Land Skeeters,34136,"Langerhans, R",487945,434,8,0.0184,https://baseball.pointstreak.com/team_stats.html?teamid=34136&seasonid=28163
ALPB- 2024,33927,Charleston Dirty Birds,163527,"Carr, J",1696566,432,8,0.0185,https://baseball.pointstreak.com/team_stats.html?teamid=163527&seasonid=33927
ALPB- 2019,34130,Southern Maryland Blue Crabs,3608,"Griffin, J",1750318,325,6,0.0185,https://baseball.pointstreak.com/team_stats.html?teamid=3608&seasonid=34130
ALPB- 2025,34102,Staten Island Ferry Hawks,163526,"Maggi, D",1747711,216,4,0.0185,https://baseball.pointstreak.com/team_stats.html?teamid=163526&seasonid=34102
ALPB- 2023,34162,High Point Rockers,163529,"Wiel, A",1750887,431,8,0.0186,https://baseball.pointstreak.com/team_stats.html?teamid=163529&seasonid=34162
ALPB- 2017,30757,Sugar Land Skeeters,34136,"Benson, J",831860,429,8,0.0186,https://baseball.pointstreak.com/team_stats.html?teamid=34136&seasonid=30757
ALPB- 2019,34130,Lancaster Barnstormers,3613,"Martinez, M",1750290,377,7,0.0186,https://baseball.pointstreak.com/team_stats.html?teamid=3613&seasonid=34130
ALPB- 2022,34154,Long Island Ducks,3609,"De Aza, A",1711164,376,7,0.0186,https://baseball.pointstreak.com/team_stats.html?teamid=3609&seasonid=34154
ALPB- 2021,34146,Lancaster Barnstormers,3613,"Rondon, C",1750445,376,7,0.0186,https://baseball.pointstreak.com/team_stats.html?teamid=3613&seasonid=34146
ALPB- 2018,31284,Lancaster Barnstormers,3613,"Bortnick, T",1231242,322,6,0.0186,https://baseball.pointstreak.com/team_stats.html?teamid=3613&seasonid=31284
ALPB- 2017,30757,Lancaster Barnstormers,3613,"Amaral, B",1161529,215,4,0.0186,https://baseball.pointstreak.com/team_stats.html?teamid=3613&seasonid=30757
ALPB- 2014,28163,Southern Maryland Blue Crabs,3608,"Opitz, J",585898,482,9,0.0187,https://baseball.pointstreak.com/team_stats.html?teamid=3608&seasonid=28163
ALPB- 2016,30100,York Revolution,3614,"Perez, A",288351,481,9,0.0187,https://baseball.pointstreak.com/team_stats.html?teamid=3614&seasonid=30100
ALPB- 2022,34154,Kentucky Wild Health Genomes,165440,"Paredes, J",1716478,428,8,0.0187,https://baseball.pointstreak.com/team_stats.html?teamid=165440&seasonid=34154
ALPB- 2013,21966,Somerset Patriots,3604,"x Fox, J",341794,374,7,0.0187,https://baseball.pointstreak.com/team_stats.html?teamid=3604&seasonid=21966
ALPB- 2025,34102,York Revolution,3614,"x Costes, M",1745368,214,4,0.0187,https://baseball.pointstreak.com/team_stats.html?teamid=3614&seasonid=34102
ALPB- 2021,34146,York Revolution,3614,"Kenley, J",1750432,319,6,0.0188,https://baseball.pointstreak.com/team_stats.html?teamid=3614&seasonid=34146
ALPB- 2015,29210,Somerset Patriots,3604,"Tucker, J",289089,319,6,0.0188,https://baseball.pointstreak.com/team_stats.html?teamid=3604&seasonid=29210
ALPB- 2023,34162,Long Island Ducks,3609,"Tejada, R",1750957,266,5,0.0188,https://baseball.pointstreak.com/team_stats.html?teamid=3609&seasonid=34162
ALPB- 2023,34162,Staten Island Ferry Hawks,163526,"Krause, K",1750641,266,5,0.0188,https://baseball.pointstreak.com/team_stats.html?teamid=163526&seasonid=34162
ALPB- 2023,34162,Gastonia Honey Hunters,163528,"Davidson, B",1748838,266,5,0.0188,https://baseball.pointstreak.com/team_stats.html?teamid=163528&seasonid=34162
ALPB- 2016,30100,Long Island Ducks,3609,"Wessinger, M",964218,266,5,0.0188,https://baseball.pointstreak.com/team_stats.html?teamid=3609&seasonid=30100
ALPB- 2015,29210,York Revolution,3614,"Perez, A",288351,529,10,0.0189,https://baseball.pointstreak.com/team_stats.html?teamid=3614&seasonid=29210
ALPB- 2017,30757,Lancaster Barnstormers,3613,"De La Rosa, A",1084017,318,6,0.0189,https://baseball.pointstreak.com/team_stats.html?teamid=3613&seasonid=30757
ALPB- 2021,34146,Southern Maryland Blue Crabs,3608,"Blackstone, K",1750075,265,5,0.0189,https://baseball.pointstreak.com/team_stats.html?teamid=3608&seasonid=34146
ALPB- 2015,29210,Camden Riversharks,3610,"x Gil, J",783952,264,5,0.0189,https://baseball.pointstreak.com/team_stats.html?teamid=3610&seasonid=29210
ALPB- 2025,34102,Long Island Ducks,3609,"Viola, T",1743136,368,7,0.019,https://baseball.pointstreak.com/team_stats.html?teamid=3609&seasonid=34102
ALPB- 2018,31284,Southern Maryland Blue Crabs,3608,"Strausborger, R",1234828,368,7,0.019,https://baseball.pointstreak.com/team_stats.html?teamid=3608&seasonid=31284
ALPB- 2021,34146,Lancaster Barnstormers,3613,"Dugan, K",1745222,316,6,0.019,https://baseball.pointstreak.com/team_stats.html?teamid=3613&seasonid=34146
ALPB- 2025,34102,Charleston Dirty Birds,163527,"Blackwell, B",1752395,315,6,0.019,https://baseball.pointstreak.com/team_stats.html?teamid=163527&seasonid=34102
ALPB- 2025,34102,Lexington Legends,163530,"Atwood, A",1744111,315,6,0.019,https://baseball.pointstreak.com/team_stats.html?teamid=163530&seasonid=34102
ALPB- 2012,12585,Camden Riversharks,3610,"Padron, R",289518,315,6,0.019,https://baseball.pointstreak.com/team_stats.html?teamid=3610&seasonid=12585
ALPB- 2023,34162,Gastonia Honey Hunters,163528,"Franco, C",1750343,211,4,0.019,https://baseball.pointstreak.com/team_stats.html?teamid=163528&seasonid=34162
ALPB- 2013,21966,York Revolution,3614,"Tracy, C",505685,211,4,0.019,https://baseball.pointstreak.com/team_stats.html?teamid=3614&seasonid=21966
ALPB- 2023,34162,Lancaster Barnstormers,3613,"Coca, Y",1745308,367,7,0.0191,https://baseball.pointstreak.com/team_stats.html?teamid=3613&seasonid=34162
ALPB - 2010,249,Lancaster Barnstormers,3613,"Turner, L",45653,521,10,0.0192,https://baseball.pointstreak.com/team_stats.html?teamid=3613&seasonid=249
ALPB- 2019,34130,Somerset Patriots,3604,"Rodriguez, A",1082832,468,9,0.0192,https://baseball.pointstreak.com/team_stats.html?teamid=3604&seasonid=34130
ALPB- 2022,34154,Southern Maryland Blue Crabs,3608,"Walker, J",1750706,416,8,0.0192,https://baseball.pointstreak.com/team_stats.html?teamid=3608&seasonid=34154
ALPB- 2012,12585,Somerset Patriots,3604,"Tucker, J",289089,365,7,0.0192,https://baseball.pointstreak.com/team_stats.html?teamid=3604&seasonid=12585
ALPB- 2015,29210,Sugar Land Skeeters,34136,"x Martin, D",442690,208,4,0.0192,https://baseball.pointstreak.com/team_stats.html?teamid=34136&seasonid=29210
ALPB- 2017,30757,York Revolution,3614,"x Franco, A",1093615,259,5,0.0193,https://baseball.pointstreak.com/team_stats.html?teamid=3614&seasonid=30757
ALPB - 2011,540,Southern Maryland Blue Crabs,3608,"Garcia, T",125430,259,5,0.0193,https://baseball.pointstreak.com/team_stats.html?teamid=3608&seasonid=540
ALPB- 2024,33927,Long Island Ducks,3609,"Kelly, S",1764620,207,4,0.0193,https://baseball.pointstreak.com/team_stats.html?teamid=3609&seasonid=33927
ALPB- 2012,12585,York Revolution,3614,"Nowak, C",151949,463,9,0.0194,https://baseball.pointstreak.com/team_stats.html?teamid=3614&seasonid=12585
ALPB- 2021,34146,Long Island Ducks,3609,"Romero, D",1234788,258,5,0.0194,https://baseball.pointstreak.com/team_stats.html?teamid=3609&seasonid=34146
ALPB- 2017,30757,Bridgeport Bluefish,3611,"Myers, D",1111763,359,7,0.0195,https://baseball.pointstreak.com/team_stats.html?teamid=3611&seasonid=30757
ALPB- 2018,31284,Southern Maryland Blue Crabs,3608,"Griffin, J",1278868,257,5,0.0195,https://baseball.pointstreak.com/team_stats.html?teamid=3608&seasonid=31284
ALPB- 2015,29210,Somerset Patriots,3604,"x Skelton, J",780624,257,5,0.0195,https://baseball.pointstreak.com/team_stats.html?teamid=3604&seasonid=29210
ALPB- 2025,34102,Lexington Legends,163530,"McCarthy, R",1744133,256,5,0.0195,https://baseball.pointstreak.com/team_stats.html?teamid=163530&seasonid=34102
ALPB- 2019,34130,High Point Rockers,163529,"Cardullo, S",1750033,511,10,0.0196,https://baseball.pointstreak.com/team_stats.html?teamid=163529&seasonid=34130
ALPB- 2017,30757,Sugar Land Skeeters,34136,"Ahrens, K",941124,408,8,0.0196,https://baseball.pointstreak.com/team_stats.html?teamid=34136&seasonid=30757
ALPB- 2014,28163,Sugar Land Skeeters,34136,"Scott, T",442667,408,8,0.0196,https://baseball.pointstreak.com/team_stats.html?teamid=34136&seasonid=28163
ALPB - 2011,540,Road Warriors,12699,"Ortiz, A",294897,255,5,0.0196,https://baseball.pointstreak.com/team_stats.html?teamid=12699&seasonid=540
ALPB- 2016,30100,York Revolution,3614,"Chaves, B",950631,204,4,0.0196,https://baseball.pointstreak.com/team_stats.html?teamid=3614&seasonid=30100
ALPB- 2012,12585,Camden Riversharks,3610,"Burgamy, B",1127208,456,9,0.0197,https://baseball.pointstreak.com/team_stats.html?teamid=3610&seasonid=12585
ALPB- 2015,29210,Southern Maryland Blue Crabs,3608,"Rosa, J",953475,305,6,0.0197,https://baseball.pointstreak.com/team_stats.html?teamid=3608&seasonid=29210
ALPB- 2022,34154,York Revolution,3614,"Herrera, J",1750418,304,6,0.0197,https://baseball.pointstreak.com/team_stats.html?teamid=3614&seasonid=34154
ALPB- 2025,34102,Hagerstown Flying Boxcars,163525,"Mattis, G",1745417,304,6,0.0197,https://baseball.pointstreak.com/team_stats.html?teamid=163525&seasonid=34102
ALPB- 2014,28163,Lancaster Barnstormers,3613,"Clark, A",649034,303,6,0.0198,https://baseball.pointstreak.com/team_stats.html?teamid=3613&seasonid=28163
ALPB- 2021,34146,Lancaster Barnstormers,3613,"De La Rosa, A",1084017,253,5,0.0198,https://baseball.pointstreak.com/team_stats.html?teamid=3613&seasonid=34146
ALPB- 2014,28163,Sugar Land Skeeters,34136,"x Barton, B",642862,252,5,0.0198,https://baseball.pointstreak.com/team_stats.html?teamid=34136&seasonid=28163
ALPB- 2024,33927,Lancaster Stormers,3613,"Carpenter, J",1695445,402,8,0.0199,https://baseball.pointstreak.com/team_stats.html?teamid=3613&seasonid=33927
ALPB- 2018,31284,Long Island Ducks,3609,"x Snider, T",1248403,352,7,0.0199,https://baseball.pointstreak.com/team_stats.html?teamid=3609&seasonid=31284
ALPB- 2014,28163,Sugar Land Skeeters,34136,"Rockett, M",442692,351,7,0.0199,https://baseball.pointstreak.com/team_stats.html?teamid=34136&seasonid=28163
ALPB- 2018,31284,Long Island Ducks,3609,"Puckett, C",604340,302,6,0.0199,https://baseball.pointstreak.com/team_stats.html?teamid=3609&seasonid=31284
ALPB- 2013,21966,Southern Maryland Blue Crabs,3608,"x Hankerd, C",440810,301,6,0.0199,https://baseball.pointstreak.com/team_stats.html?teamid=3608&seasonid=21966
ALPB- 2017,30757,Somerset Patriots,3604,"Minicozzi, M",275067,251,5,0.0199,https://baseball.pointstreak.com/team_stats.html?teamid=3604&seasonid=30757
ALPB- 2018,31284,Road Warriors,133094,"Pierre, G",1245737,451,9,0.02,https://baseball.pointstreak.com/team_stats.html?teamid=133094&seasonid=31284
ALPB- 2021,34146,York Revolution,3614,"Harris, J",1750413,350,7,0.02,https://baseball.pointstreak.com/team_stats.html?teamid=3614&seasonid=34146
ALPB- 2019,34130,New Britain Bees,107693,"James, J",1750218,350,7,0.02,https://baseball.pointstreak.com/team_stats.html?teamid=107693&seasonid=34130
ALPB- 2022,34154,High Point Rockers,163529,"Gonzalez, J",1750501,300,6,0.02,https://baseball.pointstreak.com/team_stats.html?teamid=163529&seasonid=34154
ALPB- 2025,34102,Charleston Dirty Birds,163527,"Sedio, C",1760288,250,5,0.02,https://baseball.pointstreak.com/team_stats.html?teamid=163527&seasonid=34102
ALPB - 2011,540,Southern Maryland Blue Crabs,3608,"Benjamin, C",126812,348,7,0.0201,https://baseball.pointstreak.com/team_stats.html?teamid=3608&seasonid=540
ALPB- 2017,30757,Somerset Patriots,3604,"x Pacchioli, J",1097058,299,6,0.0201,https://baseball.pointstreak.com/team_stats.html?teamid=3604&seasonid=30757
ALPB- 2015,29210,Sugar Land Skeeters,34136,"Taveras, W",808093,249,5,0.0201,https://baseball.pointstreak.com/team_stats.html?teamid=34136&seasonid=29210
ALPB - 2010,249,York Revolution,3614,"Haake, S",59211,249,5,0.0201,https://baseball.pointstreak.com/team_stats.html?teamid=3614&seasonid=249
ALPB- 2012,12585,Southern Maryland Blue Crabs,3608,"Barton, B",294948,495,10,0.0202,https://baseball.pointstreak.com/team_stats.html?teamid=3608&seasonid=12585
ALPB- 2016,30100,Long Island Ducks,3609,"Puckett, C",604340,445,9,0.0202,https://baseball.pointstreak.com/team_stats.html?teamid=3609&seasonid=30100
ALPB- 2023,34162,Spire City Ghost Hounds,165441,"Cottam, K",1747238,396,8,0.0202,https://baseball.pointstreak.com/team_stats.html?teamid=165441&seasonid=34162
ALPB- 2024,33927,High Point Rockers,163529,"Figueroa, M",1696999,347,7,0.0202,https://baseball.pointstreak.com/team_stats.html?teamid=163529&seasonid=33927
ALPB - 2011,540,Southern Maryland Blue Crabs,3608,"Owens, J",125438,347,7,0.0202,https://baseball.pointstreak.com/team_stats.html?teamid=3608&seasonid=540
ALPB- 2022,34154,Charleston Dirty Birds,163527,"Beltre, E",1750839,297,6,0.0202,https://baseball.pointstreak.com/team_stats.html?teamid=163527&seasonid=34154
ALPB- 2019,34130,Long Island Ducks,3609,"Ford, J",1749708,297,6,0.0202,https://baseball.pointstreak.com/team_stats.html?teamid=3609&seasonid=34130
ALPB - 2011,540,York Revolution,3614,"Nowak, C",151949,297,6,0.0202,https://baseball.pointstreak.com/team_stats.html?teamid=3614&seasonid=540
ALPB- 2016,30100,York Revolution,3614,"Rivers, K",958062,248,5,0.0202,https://baseball.pointstreak.com/team_stats.html?teamid=3614&seasonid=30100
ALPB- 2016,30100,Somerset Patriots,3604,"x Robinson, T",1023534,247,5,0.0202,https://baseball.pointstreak.com/team_stats.html?teamid=3604&seasonid=30100
ALPB- 2015,29210,Southern Maryland Blue Crabs,3608,"Stevenson, C",790215,444,9,0.0203,https://baseball.pointstreak.com/team_stats.html?teamid=3608&seasonid=29210
ALPB- 2012,12585,Long Island Ducks,3609,"Lyons, D",127728,443,9,0.0203,https://baseball.pointstreak.com/team_stats.html?teamid=3609&seasonid=12585
ALPB- 2012,12585,York Revolution,3614,"Grimes, S",45506,394,8,0.0203,https://baseball.pointstreak.com/team_stats.html?teamid=3614&seasonid=12585
ALPB- 2024,33927,Lancaster Stormers,3613,"Diaz, I",1695446,296,6,0.0203,https://baseball.pointstreak.com/team_stats.html?teamid=3613&seasonid=33927
ALPB- 2018,31284,Lancaster Barnstormers,3613,"Noel, R",1097506,295,6,0.0203,https://baseball.pointstreak.com/team_stats.html?teamid=3613&seasonid=31284
ALPB- 2017,30757,York Revolution,3614,"x Casilla, A",1135513,246,5,0.0203,https://baseball.pointstreak.com/team_stats.html?teamid=3614&seasonid=30757
ALPB- 2012,12585,Somerset Patriots,3604,"Drennen, J",289086,246,5,0.0203,https://baseball.pointstreak.com/team_stats.html?teamid=3604&seasonid=12585
ALPB- 2024,33927,Southern Maryland Blue Crabs,3608,"Kelly, J",1697262,441,9,0.0204,https://baseball.pointstreak.com/team_stats.html?teamid=3608&seasonid=33927
ALPB- 2023,34162,Staten Island Ferry Hawks,163526,"Aguilar, A",1750629,392,8,0.0204,https://baseball.pointstreak.com/team_stats.html?teamid=163526&seasonid=34162
ALPB - 2011,540,Road Warriors,12699,"Gonzalez, D",127873,343,7,0.0204,https://baseball.pointstreak.com/team_stats.html?teamid=12699&seasonid=540
ALPB- 2017,30757,Long Island Ducks,3609,"Ford, L",127677,294,6,0.0204,https://baseball.pointstreak.com/team_stats.html?teamid=3609&seasonid=30757
ALPB - 2011,540,Camden Riversharks,3610,"Hall, N",128481,438,9,0.0205,https://baseball.pointstreak.com/team_stats.html?teamid=3610&seasonid=540
ALPB - 2011,540,Lancaster Barnstormers,3613,"Seguignol, F",128902,341,7,0.0205,https://baseball.pointstreak.com/team_stats.html?teamid=3613&seasonid=540
ALPB- 2014,28163,Somerset Patriots,3604,"x Harrilchak, C",723706,244,5,0.0205,https://baseball.pointstreak.com/team_stats.html?teamid=3604&seasonid=28163
ALPB- 2016,30100,Southern Maryland Blue Crabs,3608,"Walton, J",946842,436,9,0.0206,https://baseball.pointstreak.com/team_stats.html?teamid=3608&seasonid=30100
ALPB- 2023,34162,Southern Maryland Blue Crabs,3608,"Caulfield, P",1750683,339,7,0.0206,https://baseball.pointstreak.com/team_stats.html?teamid=3608&seasonid=34162
ALPB- 2016,30100,Bridgeport Bluefish,3611,"x Giansanti, A",1101035,291,6,0.0206,https://baseball.pointstreak.com/team_stats.html?teamid=3611&seasonid=30100
ALPB- 2014,28163,Somerset Patriots,3604,"Kelly, S",609388,243,5,0.0206,https://baseball.pointstreak.com/team_stats.html?teamid=3604&seasonid=28163
ALPB- 2015,29210,Sugar Land Skeeters,34136,"Wallace, C",797149,482,10,0.0207,https://baseball.pointstreak.com/team_stats.html?teamid=34136&seasonid=29210
ALPB- 2014,28163,Long Island Ducks,3609,"Lyons, D",127728,386,8,0.0207,https://baseball.pointstreak.com/team_stats.html?teamid=3609&seasonid=28163
ALPB- 2015,29210,Somerset Patriots,3604,"Hopkins, G",776861,338,7,0.0207,https://baseball.pointstreak.com/team_stats.html?teamid=3604&seasonid=29210
ALPB- 2017,30757,New Britain Bees,107693,"Rosa, J",953475,530,11,0.0208,https://baseball.pointstreak.com/team_stats.html?teamid=107693&seasonid=30757
ALPB- 2022,34154,High Point Rockers,163529,"Wiel, A",1750887,384,8,0.0208,https://baseball.pointstreak.com/team_stats.html?teamid=163529&seasonid=34154
ALPB- 2021,34146,Charleston Dirty Birds,163527,"Martinez, T",1226786,384,8,0.0208,https://baseball.pointstreak.com/team_stats.html?teamid=163527&seasonid=34146
ALPB- 2025,34102,Hagerstown Flying Boxcars,163525,"Abreu, O",1746610,336,7,0.0208,https://baseball.pointstreak.com/team_stats.html?teamid=163525&seasonid=34102
ALPB- 2018,31284,York Revolution,3614,"Mesa, M",1230368,383,8,0.0209,https://baseball.pointstreak.com/team_stats.html?teamid=3614&seasonid=31284
ALPB- 2018,31284,Lancaster Barnstormers,3613,"Frias, V",1084018,287,6,0.0209,https://baseball.pointstreak.com/team_stats.html?teamid=3613&seasonid=31284
ALPB- 2022,34154,Charleston Dirty Birds,163527,"Blaum, T",1750871,239,5,0.0209,https://baseball.pointstreak.com/team_stats.html?teamid=163527&seasonid=34154
ALPB- 2017,30757,Bridgeport Bluefish,3611,"Lambo, A",1143557,239,5,0.0209,https://baseball.pointstreak.com/team_stats.html?teamid=3611&seasonid=30757
ALPB- 2016,30100,Long Island Ducks,3609,"Lentini, F",582166,571,12,0.021,https://baseball.pointstreak.com/team_stats.html?teamid=3609&seasonid=30100
ALPB- 2016,30100,Somerset Patriots,3604,"LaHair, B",936990,476,10,0.021,https://baseball.pointstreak.com/team_stats.html?teamid=3604&seasonid=30100
ALPB- 2024,33927,Staten Island Ferry Hawks,163526,"Johnson, K",1696399,429,9,0.021,https://baseball.pointstreak.com/team_stats.html?teamid=163526&seasonid=33927
ALPB- 2017,30757,Long Island Ducks,3609,"Krauss, M",1111694,429,9,0.021,https://baseball.pointstreak.com/team_stats.html?teamid=3609&seasonid=30757
ALPB - 2011,540,Bridgeport Bluefish,3611,"Putnam, D",45556,381,8,0.021,https://baseball.pointstreak.com/team_stats.html?teamid=3611&seasonid=540
ALPB- 2013,21966,York Revolution,3614,"Batista, W",432356,473,10,0.0211,https://baseball.pointstreak.com/team_stats.html?teamid=3614&seasonid=21966
ALPB- 2021,34146,Southern Maryland Blue Crabs,3608,"Harris, D",1750395,379,8,0.0211,https://baseball.pointstreak.com/team_stats.html?teamid=3608&seasonid=34146
ALPB- 2017,30757,Southern Maryland Blue Crabs,3608,"Lozada, J",1124795,379,8,0.0211,https://baseball.pointstreak.com/team_stats.html?teamid=3608&seasonid=30757
ALPB- 2024,33927,Lexington Legends,163530,"Whalen, B",1695973,285,6,0.0211,https://baseball.pointstreak.com/team_stats.html?teamid=163530&seasonid=33927
ALPB- 2016,30100,Bridgeport Bluefish,3611,"Hernandez, L",931382,565,12,0.0212,https://baseball.pointstreak.com/team_stats.html?teamid=3611&seasonid=30100
ALPB- 2018,31284,Sugar Land Skeeters,34136,"Chavez, M",1249657,472,10,0.0212,https://baseball.pointstreak.com/team_stats.html?teamid=34136&seasonid=31284
ALPB- 2024,33927,Lancaster Stormers,3613,"Howard, G",1695451,425,9,0.0212,https://baseball.pointstreak.com/team_stats.html?teamid=3613&seasonid=33927
ALPB - 2010,249,Camden Riversharks,3610,"Burgamy, B",1127208,424,9,0.0212,https://baseball.pointstreak.com/team_stats.html?teamid=3610&seasonid=249
ALPB- 2023,34162,Southern Maryland Blue Crabs,3608,"Baca, M",1716577,378,8,0.0212,https://baseball.pointstreak.com/team_stats.html?teamid=3608&seasonid=34162
ALPB- 2018,31284,Sugar Land Skeeters,34136,"Rondon, A",1249683,377,8,0.0212,https://baseball.pointstreak.com/team_stats.html?teamid=34136&seasonid=31284
ALPB- 2025,34102,High Point Rockers,163529,"Viera, M",1743166,330,7,0.0212,https://baseball.pointstreak.com/team_stats.html?teamid=163529&seasonid=34102
ALPB- 2013,21966,Camden Riversharks,3610,"Rice, B",457869,283,6,0.0212,https://baseball.pointstreak.com/team_stats.html?teamid=3610&seasonid=21966
ALPB - 2011,540,Camden Riversharks,3610,"x Macias, D",128470,236,5,0.0212,https://baseball.pointstreak.com/team_stats.html?teamid=3610&seasonid=540
ALPB- 2023,34162,Lexington Counter Clocks,163530,"Dillard, T",1751196,423,9,0.0213,https://baseball.pointstreak.com/team_stats.html?teamid=163530&seasonid=34162
ALPB - 2010,249,Long Island Ducks,3609,"Monzon, E",47378,374,8,0.0214,https://baseball.pointstreak.com/team_stats.html?teamid=3609&seasonid=249
ALPB- 2017,30757,Southern Maryland Blue Crabs,3608,"Rodriguez, D",1129590,280,6,0.0214,https://baseball.pointstreak.com/team_stats.html?teamid=3608&seasonid=30757
ALPB- 2013,21966,Long Island Ducks,3609,"Binick, K",127675,234,5,0.0214,https://baseball.pointstreak.com/team_stats.html?teamid=3609&seasonid=21966
ALPB- 2013,21966,Long Island Ducks,3609,"Bailey, A",435501,511,11,0.0215,https://baseball.pointstreak.com/team_stats.html?teamid=3609&seasonid=21966
ALPB- 2024,33927,Staten Island Ferry Hawks,163526,"Scantlin, N",1696397,465,10,0.0215,https://baseball.pointstreak.com/team_stats.html?teamid=163526&seasonid=33927
ALPB- 2017,30757,Sugar Land Skeeters,34136,"Giansanti, A",1101035,465,10,0.0215,https://baseball.pointstreak.com/team_stats.html?teamid=34136&seasonid=30757
ALPB- 2019,34130,Sugar Land Skeeters,34136,"Giansanti, A",1101035,419,9,0.0215,https://baseball.pointstreak.com/team_stats.html?teamid=34136&seasonid=34130
ALPB- 2021,34146,Charleston Dirty Birds,163527,"Paredes, J",1716478,279,6,0.0215,https://baseball.pointstreak.com/team_stats.html?teamid=163527&seasonid=34146
ALPB - 2011,540,York Revolution,3614,"Eymann, E",145992,279,6,0.0215,https://baseball.pointstreak.com/team_stats.html?teamid=3614&seasonid=540
ALPB- 2013,21966,Sugar Land Skeeters,34136,"Godwin, A",442671,556,12,0.0216,https://baseball.pointstreak.com/team_stats.html?teamid=34136&seasonid=21966
ALPB- 2012,12585,Bridgeport Bluefish,3611,"Rogers, E",282887,509,11,0.0216,https://baseball.pointstreak.com/team_stats.html?teamid=3611&seasonid=12585
ALPB- 2017,30757,Long Island Ducks,3609,"Lyons, D",127728,371,8,0.0216,https://baseball.pointstreak.com/team_stats.html?teamid=3609&seasonid=30757
ALPB- 2024,33927,Hagerstown Flying Boxcars,163525,"Gomez, D",1696613,232,5,0.0216,https://baseball.pointstreak.com/team_stats.html?teamid=163525&seasonid=33927
ALPB- 2017,30757,Lancaster Barnstormers,3613,"Halton, S",1111229,506,11,0.0217,https://baseball.pointstreak.com/team_stats.html?teamid=3613&seasonid=30757
ALPB- 2017,30757,Sugar Land Skeeters,34136,"Scott, T",442667,415,9,0.0217,https://baseball.pointstreak.com/team_stats.html?teamid=34136&seasonid=30757
ALPB- 2024,33927,Charleston Dirty Birds,163527,"Santana, J",1696558,414,9,0.0217,https://baseball.pointstreak.com/team_stats.html?teamid=163527&seasonid=33927
ALPB- 2023,34162,York Revolution,3614,"Urena, R",1751056,368,8,0.0217,https://baseball.pointstreak.com/team_stats.html?teamid=3614&seasonid=34162
ALPB - 2010,249,Somerset Patriots,3604,"Raines Jr., T",46194,323,7,0.0217,https://baseball.pointstreak.com/team_stats.html?teamid=3604&seasonid=249
ALPB- 2025,34102,Southern Maryland Blue Crabs,3608,"Dexter, S",1744253,276,6,0.0217,https://baseball.pointstreak.com/team_stats.html?teamid=3608&seasonid=34102
ALPB- 2014,28163,Sugar Land Skeeters,34136,"Ramos, D",299674,458,10,0.0218,https://baseball.pointstreak.com/team_stats.html?teamid=34136&seasonid=28163
ALPB- 2019,34130,High Point Rockers,163529,"Alfonzo, G",1110633,367,8,0.0218,https://baseball.pointstreak.com/team_stats.html?teamid=163529&seasonid=34130
ALPB - 2011,540,Camden Riversharks,3610,"x Feliz, P",133765,275,6,0.0218,https://baseball.pointstreak.com/team_stats.html?teamid=3610&seasonid=540
ALPB- 2023,34162,Long Island Ducks,3609,"Travis, S",1750668,456,10,0.0219,https://baseball.pointstreak.com/team_stats.html?teamid=3609&seasonid=34162
ALPB- 2018,31284,Sugar Land Skeeters,34136,"Norris, D",1252178,410,9,0.022,https://baseball.pointstreak.com/team_stats.html?teamid=34136&seasonid=31284
ALPB- 2023,34162,Southern Maryland Blue Crabs,3608,"Crosby, A",1750077,362,8,0.0221,https://baseball.pointstreak.com/team_stats.html?teamid=3608&seasonid=34162
ALPB- 2019,34130,Lancaster Barnstormers,3613,"Shank, Z",1750308,226,5,0.0221,https://baseball.pointstreak.com/team_stats.html?teamid=3613&seasonid=34130
ALPB- 2017,30757,Somerset Patriots,3604,"Donachie, A",1091591,226,5,0.0221,https://baseball.pointstreak.com/team_stats.html?teamid=3604&seasonid=30757
ALPB- 2014,28163,Bridgeport Bluefish,3611,"Burroughs, S",593795,270,6,0.0222,https://baseball.pointstreak.com/team_stats.html?teamid=3611&seasonid=28163
ALPB- 2016,30100,Lancaster Barnstormers,3613,"Gindl, C",956608,539,12,0.0223,https://baseball.pointstreak.com/team_stats.html?teamid=3613&seasonid=30100
ALPB- 2022,34154,Long Island Ducks,3609,"Romero, D",1234788,404,9,0.0223,https://baseball.pointstreak.com/team_stats.html?teamid=3609&seasonid=34154
ALPB- 2012,12585,York Revolution,3614,"x Castro, R",49822,403,9,0.0223,https://baseball.pointstreak.com/team_stats.html?teamid=3614&seasonid=12585
ALPB- 2023,34162,Gastonia Honey Hunters,163528,"Curbelo, L",1751169,359,8,0.0223,https://baseball.pointstreak.com/team_stats.html?teamid=163528&seasonid=34162
ALPB- 2015,29210,Camden Riversharks,3610,"MacPhee, Z",605204,224,5,0.0223,https://baseball.pointstreak.com/team_stats.html?teamid=3610&seasonid=29210
ALPB- 2015,29210,Long Island Ducks,3609,"Puckett, C",604340,535,12,0.0224,https://baseball.pointstreak.com/team_stats.html?teamid=3609&seasonid=29210
ALPB - 2010,249,Bridgeport Bluefish,3611,"Moss, S",45553,446,10,0.0224,https://baseball.pointstreak.com/team_stats.html?teamid=3611&seasonid=249
ALPB- 2017,30757,Somerset Patriots,3604,"Roller, K",1019892,313,7,0.0224,https://baseball.pointstreak.com/team_stats.html?teamid=3604&seasonid=30757
ALPB- 2014,28163,Lancaster Barnstormers,3613,"Carroll, B",674928,268,6,0.0224,https://baseball.pointstreak.com/team_stats.html?teamid=3613&seasonid=28163
ALPB- 2015,29210,Bridgeport Bluefish,3611,"Batista, W",825977,223,5,0.0224,https://baseball.pointstreak.com/team_stats.html?teamid=3611&seasonid=29210
ALPB- 2014,28163,Lancaster Barnstormers,3613,"x Francisco, B",649033,223,5,0.0224,https://baseball.pointstreak.com/team_stats.html?teamid=3613&seasonid=28163
ALPB- 2017,30757,Bridgeport Bluefish,3611,"x Abreu, T",1090716,356,8,0.0225,https://baseball.pointstreak.com/team_stats.html?teamid=3611&seasonid=30757
ALPB - 2010,249,Newark Bears,3612,"Cooper, J",46321,311,7,0.0225,https://baseball.pointstreak.com/team_stats.html?teamid=3612&seasonid=249
ALPB- 2013,21966,Camden Riversharks,3610,"Gomez, Y",442791,443,10,0.0226,https://baseball.pointstreak.com/team_stats.html?teamid=3610&seasonid=21966
ALPB- 2024,33927,Southern Maryland Blue Crabs,3608,"Hill, A",1697260,398,9,0.0226,https://baseball.pointstreak.com/team_stats.html?teamid=3608&seasonid=33927
ALPB- 2012,12585,Lancaster Barnstormers,3613,"Harvey, R",290238,398,9,0.0226,https://baseball.pointstreak.com/team_stats.html?teamid=3613&seasonid=12585
ALPB- 2015,29210,Lancaster Barnstormers,3613,"Matthes, K",940017,266,6,0.0226,https://baseball.pointstreak.com/team_stats.html?teamid=3613&seasonid=29210
ALPB - 2011,540,Road Warriors,12699,"Mooney, M",139897,266,6,0.0226,https://baseball.pointstreak.com/team_stats.html?teamid=12699&seasonid=540
ALPB- 2016,30100,Bridgeport Bluefish,3611,"Vitters, J",1250579,265,6,0.0226,https://baseball.pointstreak.com/team_stats.html?teamid=3611&seasonid=30100
ALPB - 2011,540,Somerset Patriots,3604,"Hopper, N",134935,265,6,0.0226,https://baseball.pointstreak.com/team_stats.html?teamid=3604&seasonid=540
ALPB- 2025,34102,Lexington Legends,163530,"Gonzalez, P",1756718,221,5,0.0226,https://baseball.pointstreak.com/team_stats.html?teamid=163530&seasonid=34102
ALPB- 2013,21966,Long Island Ducks,3609,"Phillips, P",457629,221,5,0.0226,https://baseball.pointstreak.com/team_stats.html?teamid=3609&seasonid=21966
ALPB- 2016,30100,Southern Maryland Blue Crabs,3608,"Wilson, Z",1297419,485,11,0.0227,https://baseball.pointstreak.com/team_stats.html?teamid=3608&seasonid=30100
ALPB- 2025,34102,Charleston Dirty Birds,163527,"Nelson, J",1750017,397,9,0.0227,https://baseball.pointstreak.com/team_stats.html?teamid=163527&seasonid=34102
ALPB - 2010,249,Southern Maryland Blue Crabs,3608,"Hill, J",45508,309,7,0.0227,https://baseball.pointstreak.com/team_stats.html?teamid=3608&seasonid=249
ALPB- 2019,34130,York Revolution,3614,"Dent, R",989814,308,7,0.0227,https://baseball.pointstreak.com/team_stats.html?teamid=3614&seasonid=34130
ALPB- 2018,31284,Somerset Patriots,3604,"Trapp, J",794965,308,7,0.0227,https://baseball.pointstreak.com/team_stats.html?teamid=3604&seasonid=31284
ALPB- 2019,34130,Lancaster Barnstormers,3613,"Gamache, D",1750030,264,6,0.0227,https://baseball.pointstreak.com/team_stats.html?teamid=3613&seasonid=34130
ALPB- 2016,30100,New Britain Bees,107693,"x Jones, J",953476,264,6,0.0227,https://baseball.pointstreak.com/team_stats.html?teamid=107693&seasonid=30100
ALPB- 2022,34154,Kentucky Wild Health Genomes,165440,"Mehlbauer, C",1747324,220,5,0.0227,https://baseball.pointstreak.com/team_stats.html?teamid=165440&seasonid=34154
ALPB- 2025,34102,Staten Island Ferry Hawks,163526,"x Takacs, A",1747319,220,5,0.0227,https://baseball.pointstreak.com/team_stats.html?teamid=163526&seasonid=34102
ALPB- 2015,29210,Camden Riversharks,3610,"Rockett, M",791593,527,12,0.0228,https://baseball.pointstreak.com/team_stats.html?teamid=3610&seasonid=29210
ALPB- 2022,34154,York Revolution,3614,"Encarnacion, J",1750426,394,9,0.0228,https://baseball.pointstreak.com/team_stats.html?teamid=3614&seasonid=34154
ALPB- 2022,34154,Southern Maryland Blue Crabs,3608,"Harris, D",1750395,351,8,0.0228,https://baseball.pointstreak.com/team_stats.html?teamid=3608&seasonid=34154
ALPB- 2014,28163,Camden Riversharks,3610,"Pounds, B",792957,480,11,0.0229,https://baseball.pointstreak.com/team_stats.html?teamid=3610&seasonid=28163
ALPB- 2018,31284,Southern Maryland Blue Crabs,3608,"Rodriguez, D",1129590,437,10,0.0229,https://baseball.pointstreak.com/team_stats.html?teamid=3608&seasonid=31284
ALPB - 2011,540,Southern Maryland Blue Crabs,3608,"Harrison, B",125436,393,9,0.0229,https://baseball.pointstreak.com/team_stats.html?teamid=3608&seasonid=540
ALPB- 2023,34162,Lancaster Barnstormers,3613,"Sandoval, A",1745309,350,8,0.0229,https://baseball.pointstreak.com/team_stats.html?teamid=3613&seasonid=34162
ALPB- 2021,34146,Southern Maryland Blue Crabs,3608,"Silva, R",962752,306,7,0.0229,https://baseball.pointstreak.com/team_stats.html?teamid=3608&seasonid=34146
ALPB- 2015,29210,Lancaster Barnstormers,3613,"Feliz, A",817772,306,7,0.0229,https://baseball.pointstreak.com/team_stats.html?teamid=3613&seasonid=29210
ALPB- 2024,33927,Charleston Dirty Birds,163527,"x Deshields, D",1696570,262,6,0.0229,https://baseball.pointstreak.com/team_stats.html?teamid=163527&seasonid=33927
ALPB- 2022,34154,York Revolution,3614,"Stokes, T",1750727,435,10,0.023,https://baseball.pointstreak.com/team_stats.html?teamid=3614&seasonid=34154
ALPB- 2013,21966,Sugar Land Skeeters,34136,"x Mitchell, R",457548,261,6,0.023,https://baseball.pointstreak.com/team_stats.html?teamid=34136&seasonid=21966
ALPB- 2012,12585,Lancaster Barnstormers,3613,"Hernandez, F",290230,217,5,0.023,https://baseball.pointstreak.com/team_stats.html?teamid=3613&seasonid=12585
ALPB - 2010,249,Bridgeport Bluefish,3611,"Phelps, J",46068,390,9,0.0231,https://baseball.pointstreak.com/team_stats.html?teamid=3611&seasonid=249
ALPB - 2011,540,Road Warriors,12699,"Cabral, M",127871,389,9,0.0231,https://baseball.pointstreak.com/team_stats.html?teamid=12699&seasonid=540
ALPB- 2014,28163,Southern Maryland Blue Crabs,3608,"Chavez, A",652490,260,6,0.0231,https://baseball.pointstreak.com/team_stats.html?teamid=3608&seasonid=28163
ALPB- 2023,34162,Long Island Ducks,3609,"Bell, B",1750646,302,7,0.0232,https://baseball.pointstreak.com/team_stats.html?teamid=3609&seasonid=34162
ALPB- 2025,34102,Gastonia Ghost Peppers,163528,"Skender, E",1748837,259,6,0.0232,https://baseball.pointstreak.com/team_stats.html?teamid=163528&seasonid=34102
ALPB- 2024,33927,Staten Island Ferry Hawks,163526,"Castro, L",1703076,343,8,0.0233,https://baseball.pointstreak.com/team_stats.html?teamid=163526&seasonid=33927
ALPB- 2012,12585,Sugar Land Skeeters,34136,"Hagen, M",309415,258,6,0.0233,https://baseball.pointstreak.com/team_stats.html?teamid=34136&seasonid=12585
ALPB- 2015,29210,Southern Maryland Blue Crabs,3608,"x Ward, D",874933,215,5,0.0233,https://baseball.pointstreak.com/team_stats.html?teamid=3608&seasonid=29210
ALPB- 2012,12585,York Revolution,3614,"Perez, A",288351,512,12,0.0234,https://baseball.pointstreak.com/team_stats.html?teamid=3614&seasonid=12585
ALPB- 2023,34162,York Revolution,3614,"Mendoza, A",1751066,428,10,0.0234,https://baseball.pointstreak.com/team_stats.html?teamid=3614&seasonid=34162
ALPB- 2016,30100,Somerset Patriots,3604,"Kelly, S",609388,385,9,0.0234,https://baseball.pointstreak.com/team_stats.html?teamid=3604&seasonid=30100
ALPB - 2011,540,Camden Riversharks,3610,"Francia, J",45567,384,9,0.0234,https://baseball.pointstreak.com/team_stats.html?teamid=3610&seasonid=540
ALPB- 2023,34162,York Revolution,3614,"Martin, D",1751055,425,10,0.0235,https://baseball.pointstreak.com/team_stats.html?teamid=3614&seasonid=34162
ALPB - 2011,540,Southern Maryland Blue Crabs,3608,"Godwin, A",128910,298,7,0.0235,https://baseball.pointstreak.com/team_stats.html?teamid=3608&seasonid=540
ALPB- 2014,28163,Bridgeport Bluefish,3611,"Redman, P",128333,508,12,0.0236,https://baseball.pointstreak.com/team_stats.html?teamid=3611&seasonid=28163
ALPB - 2010,249,Camden Riversharks,3610,"x Guzman, G",45795,424,10,0.0236,https://baseball.pointstreak.com/team_stats.html?teamid=3610&seasonid=249
ALPB- 2018,31284,York Revolution,3614,"Casilla, A",1135513,423,10,0.0236,https://baseball.pointstreak.com/team_stats.html?teamid=3614&seasonid=31284
ALPB- 2015,29210,Long Island Ducks,3609,"Ford, L",127677,297,7,0.0236,https://baseball.pointstreak.com/team_stats.html?teamid=3609&seasonid=29210
ALPB- 2015,29210,Long Island Ducks,3609,"x Redman, P",128333,212,5,0.0236,https://baseball.pointstreak.com/team_stats.html?teamid=3609&seasonid=29210
ALPB- 2015,29210,Somerset Patriots,3604,"Burgess, M",1003699,338,8,0.0237,https://baseball.pointstreak.com/team_stats.html?teamid=3604&seasonid=29210
ALPB - 2010,249,Long Island Ducks,3609,"x Navarrete, R",45575,338,8,0.0237,https://baseball.pointstreak.com/team_stats.html?teamid=3609&seasonid=249
ALPB- 2023,34162,Lancaster Barnstormers,3613,"Carpenter, J",1745482,337,8,0.0237,https://baseball.pointstreak.com/team_stats.html?teamid=3613&seasonid=34162
ALPB- 2014,28163,Lancaster Barnstormers,3613,"Jacobo, G",670397,295,7,0.0237,https://baseball.pointstreak.com/team_stats.html?teamid=3613&seasonid=28163
ALPB- 2022,34154,Gastonia Honey Hunters,163528,"Tapia, E",1750590,253,6,0.0237,https://baseball.pointstreak.com/team_stats.html?teamid=163528&seasonid=34154
ALPB - 2011,540,York Revolution,3614,"Martinez, O",128769,253,6,0.0237,https://baseball.pointstreak.com/team_stats.html?teamid=3614&seasonid=540
ALPB- 2023,34162,Gastonia Honey Hunters,163528,"Manea, S",1751166,336,8,0.0238,https://baseball.pointstreak.com/team_stats.html?teamid=163528&seasonid=34162
ALPB- 2019,34130,Southern Maryland Blue Crabs,3608,"Vaughn, C",957751,418,10,0.0239,https://baseball.pointstreak.com/team_stats.html?teamid=3608&seasonid=34130
ALPB- 2022,34154,Kentucky Wild Health Genomes,165440,"Pie, F",1750809,335,8,0.0239,https://baseball.pointstreak.com/team_stats.html?teamid=165440&seasonid=34154
ALPB- 2025,34102,Lancaster Stormers,3613,"Amaral, D",1758004,209,5,0.0239,https://baseball.pointstreak.com/team_stats.html?teamid=3613&seasonid=34102
ALPB- 2012,12585,Long Island Ducks,3609,"Binick, K",127675,458,11,0.024,https://baseball.pointstreak.com/team_stats.html?teamid=3609&seasonid=12585
ALPB- 2014,28163,Somerset Patriots,3604,"Tucker, J",289089,416,10,0.024,https://baseball.pointstreak.com/team_stats.html?teamid=3604&seasonid=28163
ALPB- 2022,34154,Lexington Legends,163530,"Ervin, P",1750772,375,9,0.024,https://baseball.pointstreak.com/team_stats.html?teamid=163530&seasonid=34154
ALPB- 2021,34146,Charleston Dirty Birds,163527,"Callaspo, A",1107109,334,8,0.024,https://baseball.pointstreak.com/team_stats.html?teamid=163527&seasonid=34146
ALPB- 2012,12585,Long Island Ducks,3609,"Sing, B",275657,457,11,0.0241,https://baseball.pointstreak.com/team_stats.html?teamid=3609&seasonid=12585
ALPB- 2019,34130,York Revolution,3614,"Trapp, J",794965,415,10,0.0241,https://baseball.pointstreak.com/team_stats.html?teamid=3614&seasonid=34130
ALPB- 2021,34146,Lancaster Barnstormers,3613,"Mercedes, M",1750306,249,6,0.0241,https://baseball.pointstreak.com/team_stats.html?teamid=3613&seasonid=34146
ALPB- 2017,30757,New Britain Bees,107693,"Baca, M",1433243,289,7,0.0242,https://baseball.pointstreak.com/team_stats.html?teamid=107693&seasonid=30757
ALPB- 2017,30757,Lancaster Barnstormers,3613,"x Noel, R",1097506,207,5,0.0242,https://baseball.pointstreak.com/team_stats.html?teamid=3613&seasonid=30757
ALPB- 2023,34162,Gastonia Honey Hunters,163528,"Jarrett, Z",1750944,452,11,0.0243,https://baseball.pointstreak.com/team_stats.html?teamid=163528&seasonid=34162
ALPB- 2016,30100,New Britain Bees,107693,"Griffin, J",1278868,452,11,0.0243,https://baseball.pointstreak.com/team_stats.html?teamid=107693&seasonid=30100
ALPB- 2012,12585,Camden Riversharks,3610,"Doetsch, S",289439,371,9,0.0243,https://baseball.pointstreak.com/team_stats.html?teamid=3610&seasonid=12585
ALPB- 2019,34130,New Britain Bees,107693,"Rademacher, B",1750215,329,8,0.0243,https://baseball.pointstreak.com/team_stats.html?teamid=107693&seasonid=34130
ALPB- 2025,34102,Southern Maryland Blue Crabs,3608,"Barrera, B",1743142,329,8,0.0243,https://baseball.pointstreak.com/team_stats.html?teamid=3608&seasonid=34102
ALPB- 2016,30100,Sugar Land Skeeters,34136,"Palmeiro, P",1100762,247,6,0.0243,https://baseball.pointstreak.com/team_stats.html?teamid=34136&seasonid=30100
ALPB - 2011,540,Lancaster Barnstormers,3613,"x Holt, J",128908,247,6,0.0243,https://baseball.pointstreak.com/team_stats.html?teamid=3613&seasonid=540
ALPB- 2018,31284,York Revolution,3614,"Cruz, L",1129334,206,5,0.0243,https://baseball.pointstreak.com/team_stats.html?teamid=3614&seasonid=31284
ALPB- 2016,30100,Sugar Land Skeeters,34136,"Dominguez, J",860715,492,12,0.0244,https://baseball.pointstreak.com/team_stats.html?teamid=34136&seasonid=30100
ALPB- 2015,29210,Long Island Ducks,3609,"Cleary Jr., D",807269,451,11,0.0244,https://baseball.pointstreak.com/team_stats.html?teamid=3609&seasonid=29210
ALPB- 2015,29210,Sugar Land Skeeters,34136,"Palmeiro, P",1100762,450,11,0.0244,https://baseball.pointstreak.com/team_stats.html?teamid=34136&seasonid=29210
ALPB- 2024,33927,Lancaster Stormers,3613,"Loehr, T",1695447,410,10,0.0244,https://baseball.pointstreak.com/team_stats.html?teamid=3613&seasonid=33927
ALPB- 2013,21966,York Revolution,3614,"x Marte, A",429066,369,9,0.0244,https://baseball.pointstreak.com/team_stats.html?teamid=3614&seasonid=21966
ALPB- 2024,33927,Hagerstown Flying Boxcars,163525,"Gregorio, O",1695969,246,6,0.0244,https://baseball.pointstreak.com/team_stats.html?teamid=163525&seasonid=33927
ALPB- 2022,34154,High Point Rockers,163529,"Aklinski, B",1750098,448,11,0.0246,https://baseball.pointstreak.com/team_stats.html?teamid=163529&seasonid=34154
ALPB- 2019,34130,New Britain Bees,107693,"Galvez, J",827601,447,11,0.0246,https://baseball.pointstreak.com/team_stats.html?teamid=107693&seasonid=34130
ALPB- 2018,31284,Road Warriors,133094,"Fernandez, J",1343633,407,10,0.0246,https://baseball.pointstreak.com/team_stats.html?teamid=133094&seasonid=31284
ALPB- 2013,21966,Camden Riversharks,3610,"Jimenez, D",475856,285,7,0.0246,https://baseball.pointstreak.com/team_stats.html?teamid=3610&seasonid=21966
ALPB- 2022,34154,Staten Island Ferry Hawks,163526,"Reyes, A",1701552,284,7,0.0246,https://baseball.pointstreak.com/team_stats.html?teamid=163526&seasonid=34154
ALPB- 2021,34146,York Revolution,3614,"Encarnacion, J",1750426,244,6,0.0246,https://baseball.pointstreak.com/team_stats.html?teamid=3614&seasonid=34146
ALPB- 2018,31284,Lancaster Barnstormers,3613,"Casteel, R",1226940,365,9,0.0247,https://baseball.pointstreak.com/team_stats.html?teamid=3613&seasonid=31284
ALPB- 2018,31284,York Revolution,3614,"Dent, R",989814,365,9,0.0247,https://baseball.pointstreak.com/team_stats.html?teamid=3614&seasonid=31284
ALPB- 2024,33927,High Point Rockers,163529,"Burt, D",1696996,364,9,0.0247,https://baseball.pointstreak.com/team_stats.html?teamid=163529&seasonid=33927
ALPB- 2021,34146,Long Island Ducks,3609,"Sánchez, H",1749710,283,7,0.0247,https://baseball.pointstreak.com/team_stats.html?teamid=3609&seasonid=34146
ALPB- 2013,21966,Camden Riversharks,3610,"x Martinez, J",385859,283,7,0.0247,https://baseball.pointstreak.com/team_stats.html?teamid=3610&seasonid=21966
ALPB- 2019,34130,Sugar Land Skeeters,34136,"Phipps, D",1490308,443,11,0.0248,https://baseball.pointstreak.com/team_stats.html?teamid=34136&seasonid=34130
ALPB- 2023,34162,York Revolution,3614,"Rodriguez, N",1750414,403,10,0.0248,https://baseball.pointstreak.com/team_stats.html?teamid=3614&seasonid=34162
ALPB- 2024,33927,York Revolution,3614,"Reyes, A",1701552,363,9,0.0248,https://baseball.pointstreak.com/team_stats.html?teamid=3614&seasonid=33927
ALPB- 2016,30100,Sugar Land Skeeters,34136,"Weems, B",776578,323,8,0.0248,https://baseball.pointstreak.com/team_stats.html?teamid=34136&seasonid=30100
ALPB- 2025,34102,Lancaster Stormers,3613,"Isola, A",1747893,322,8,0.0248,https://baseball.pointstreak.com/team_stats.html?teamid=3613&seasonid=34102
ALPB- 2019,34130,Lancaster Barnstormers,3613,"Torrence, D",1750292,242,6,0.0248,https://baseball.pointstreak.com/team_stats.html?teamid=3613&seasonid=34130
ALPB- 2014,28163,Somerset Patriots,3604,"Donachie, A",289080,242,6,0.0248,https://baseball.pointstreak.com/team_stats.html?teamid=3604&seasonid=28163
ALPB- 2013,21966,York Revolution,3614,"Spencer, M",505684,202,5,0.0248,https://baseball.pointstreak.com/team_stats.html?teamid=3614&seasonid=21966
ALPB- 2024,33927,York Revolution,3614,"Martin Jr, R",1695939,402,10,0.0249,https://baseball.pointstreak.com/team_stats.html?teamid=3614&seasonid=33927
ALPB- 2017,30757,York Revolution,3614,"Dent, R",989814,402,10,0.0249,https://baseball.pointstreak.com/team_stats.html?teamid=3614&seasonid=30757
ALPB - 2011,540,Southern Maryland Blue Crabs,3608,"Lopez, C",125429,361,9,0.0249,https://baseball.pointstreak.com/team_stats.html?teamid=3608&seasonid=540
ALPB- 2024,33927,Staten Island Ferry Hawks,163526,"Norman, B",1696401,440,11,0.025,https://baseball.pointstreak.com/team_stats.html?teamid=163526&seasonid=33927
ALPB- 2021,34146,Lexington Legends,163530,"Baldoquin, R",1750096,400,10,0.025,https://baseball.pointstreak.com/team_stats.html?teamid=163530&seasonid=34146
ALPB- 2022,34154,Southern Maryland Blue Crabs,3608,"Baca, M",1716577,398,10,0.0251,https://baseball.pointstreak.com/team_stats.html?teamid=3608&seasonid=34154
ALPB- 2021,34146,Southern Maryland Blue Crabs,3608,"McAdams, J",1750066,398,10,0.0251,https://baseball.pointstreak.com/team_stats.html?teamid=3608&seasonid=34146
ALPB - 2011,540,Camden Riversharks,3610,"Yan, R",128475,359,9,0.0251,https://baseball.pointstreak.com/team_stats.html?teamid=3610&seasonid=540
ALPB- 2017,30757,Lancaster Barnstormers,3613,"x Hobson, K",1113281,239,6,0.0251,https://baseball.pointstreak.com/team_stats.html?teamid=3613&seasonid=30757
ALPB - 2011,540,York Revolution,3614,"Grimes, S",45506,436,11,0.0252,https://baseball.pointstreak.com/team_stats.html?teamid=3614&seasonid=540
ALPB - 2011,540,Camden Riversharks,3610,"Hall, T",128455,318,8,0.0252,https://baseball.pointstreak.com/team_stats.html?teamid=3610&seasonid=540
ALPB- 2019,34130,York Revolution,3614,"Franco, C",1750343,317,8,0.0252,https://baseball.pointstreak.com/team_stats.html?teamid=3614&seasonid=34130
ALPB- 2017,30757,Lancaster Barnstormers,3613,"Sandford, D",827312,238,6,0.0252,https://baseball.pointstreak.com/team_stats.html?teamid=3613&seasonid=30757
ALPB- 2016,30100,New Britain Bees,107693,"x Roof, J",950632,435,11,0.0253,https://baseball.pointstreak.com/team_stats.html?teamid=107693&seasonid=30100
ALPB- 2013,21966,Sugar Land Skeeters,34136,"Gorecki, R",475368,237,6,0.0253,https://baseball.pointstreak.com/team_stats.html?teamid=34136&seasonid=21966
ALPB- 2022,34154,Lexington Legends,163530,"Hawkins, C",1701072,473,12,0.0254,https://baseball.pointstreak.com/team_stats.html?teamid=163530&seasonid=34154
ALPB- 2015,29210,York Revolution,3614,"Patterson, E",434764,472,12,0.0254,https://baseball.pointstreak.com/team_stats.html?teamid=3614&seasonid=29210
ALPB- 2015,29210,Sugar Land Skeeters,34136,"Russo, K",782456,394,10,0.0254,https://baseball.pointstreak.com/team_stats.html?teamid=34136&seasonid=29210
ALPB - 2010,249,Lancaster Barnstormers,3613,"Taylor, R",58808,393,10,0.0254,https://baseball.pointstreak.com/team_stats.html?teamid=3613&seasonid=249
ALPB - 2010,249,Lancaster Barnstormers,3613,"Nelson, B",45649,549,14,0.0255,https://baseball.pointstreak.com/team_stats.html?teamid=3613&seasonid=249
ALPB- 2018,31284,Lancaster Barnstormers,3613,"Robinson, T",1023534,353,9,0.0255,https://baseball.pointstreak.com/team_stats.html?teamid=3613&seasonid=31284
ALPB- 2021,34146,Lexington Legends,163530,"Barnum, K",1750477,275,7,0.0255,https://baseball.pointstreak.com/team_stats.html?teamid=163530&seasonid=34146
ALPB- 2019,34130,Long Island Ducks,3609,"Lombardozzi, S",1749711,275,7,0.0255,https://baseball.pointstreak.com/team_stats.html?teamid=3609&seasonid=34130
ALPB- 2015,29210,Lancaster Barnstormers,3613,"Hughes, L",821377,275,7,0.0255,https://baseball.pointstreak.com/team_stats.html?teamid=3613&seasonid=29210
ALPB- 2012,12585,Lancaster Barnstormers,3613,"x Boyer, B",290231,275,7,0.0255,https://baseball.pointstreak.com/team_stats.html?teamid=3613&seasonid=12585
ALPB- 2024,33927,Hagerstown Flying Boxcars,163525,"Dotel, W",1697196,429,11,0.0256,https://baseball.pointstreak.com/team_stats.html?teamid=163525&seasonid=33927
ALPB- 2025,34102,York Revolution,3614,"Tostado, F",1749207,352,9,0.0256,https://baseball.pointstreak.com/team_stats.html?teamid=3614&seasonid=34102
ALPB- 2025,34102,York Revolution,3614,"Lewis, B",1756420,313,8,0.0256,https://baseball.pointstreak.com/team_stats.html?teamid=3614&seasonid=34102
ALPB- 2018,31284,Long Island Ducks,3609,"Cabrera, R",1263407,313,8,0.0256,https://baseball.pointstreak.com/team_stats.html?teamid=3609&seasonid=31284
ALPB- 2018,31284,Long Island Ducks,3609,"x Bonifacio, E",1260687,273,7,0.0256,https://baseball.pointstreak.com/team_stats.html?teamid=3609&seasonid=31284
ALPB- 2017,30757,Lancaster Barnstormers,3613,"Milledge, L",1081661,311,8,0.0257,https://baseball.pointstreak.com/team_stats.html?teamid=3613&seasonid=30757
ALPB- 2022,34154,Southern Maryland Blue Crabs,3608,"Deluca, J",1750078,272,7,0.0257,https://baseball.pointstreak.com/team_stats.html?teamid=3608&seasonid=34154
ALPB- 2013,21966,York Revolution,3614,"Paniagua, S",128770,426,11,0.0258,https://baseball.pointstreak.com/team_stats.html?teamid=3614&seasonid=21966
ALPB- 2016,30100,Bridgeport Bluefish,3611,"Nunez, L",931383,349,9,0.0258,https://baseball.pointstreak.com/team_stats.html?teamid=3611&seasonid=30100
ALPB- 2025,34102,High Point Rockers,163529,"Brewer, A",1762261,310,8,0.0258,https://baseball.pointstreak.com/team_stats.html?teamid=163529&seasonid=34102
ALPB- 2015,29210,York Revolution,3614,"Ferdinand, N",819443,233,6,0.0258,https://baseball.pointstreak.com/team_stats.html?teamid=3614&seasonid=29210
ALPB- 2017,30757,Bridgeport Bluefish,3611,"Hernandez, L",931382,464,12,0.0259,https://baseball.pointstreak.com/team_stats.html?teamid=3611&seasonid=30757
ALPB- 2022,34154,Long Island Ducks,3609,"Frias, V",1084018,425,11,0.0259,https://baseball.pointstreak.com/team_stats.html?teamid=3609&seasonid=34154
ALPB- 2016,30100,York Revolution,3614,"Pounds, B",792957,424,11,0.0259,https://baseball.pointstreak.com/team_stats.html?teamid=3614&seasonid=30100
ALPB- 2021,34146,Charleston Dirty Birds,163527,"Reyes, E",885062,309,8,0.0259,https://baseball.pointstreak.com/team_stats.html?teamid=163527&seasonid=34146
ALPB- 2022,34154,Lancaster Barnstormers,3613,"Peroni, A",1750453,270,7,0.0259,https://baseball.pointstreak.com/team_stats.html?teamid=3613&seasonid=34154
ALPB- 2016,30100,York Revolution,3614,"Tejeda, I",951080,270,7,0.0259,https://baseball.pointstreak.com/team_stats.html?teamid=3614&seasonid=30100
ALPB- 2012,12585,Lancaster Barnstormers,3613,"Gailen, B",290236,500,13,0.026,https://baseball.pointstreak.com/team_stats.html?teamid=3613&seasonid=12585
ALPB- 2013,21966,Long Island Ducks,3609,"Lyons, D",127728,346,9,0.026,https://baseball.pointstreak.com/team_stats.html?teamid=3609&seasonid=21966
ALPB- 2012,12585,Lancaster Barnstormers,3613,"x Tiffee, T",128906,269,7,0.026,https://baseball.pointstreak.com/team_stats.html?teamid=3613&seasonid=12585
ALPB- 2012,12585,Southern Maryland Blue Crabs,3608,"x Figueroa, P",289524,269,7,0.026,https://baseball.pointstreak.com/team_stats.html?teamid=3608&seasonid=12585
ALPB - 2011,540,Bridgeport Bluefish,3611,"Rodriguez, L",45549,307,8,0.0261,https://baseball.pointstreak.com/team_stats.html?teamid=3611&seasonid=540
ALPB- 2012,12585,Somerset Patriots,3604,"Nettles, J",46184,497,13,0.0262,https://baseball.pointstreak.com/team_stats.html?teamid=3604&seasonid=12585
ALPB- 2014,28163,Sugar Land Skeeters,34136,"Lambin, C",442670,382,10,0.0262,https://baseball.pointstreak.com/team_stats.html?teamid=34136&seasonid=28163
ALPB- 2025,34102,Southern Maryland Blue Crabs,3608,"Loftin, J",1743141,344,9,0.0262,https://baseball.pointstreak.com/team_stats.html?teamid=3608&seasonid=34102
ALPB- 2019,34130,Somerset Patriots,3604,"Flores, R",1750037,305,8,0.0262,https://baseball.pointstreak.com/team_stats.html?teamid=3604&seasonid=34130
ALPB - 2011,540,Southern Maryland Blue Crabs,3608,"Townsend, T",272563,305,8,0.0262,https://baseball.pointstreak.com/team_stats.html?teamid=3608&seasonid=540
ALPB- 2012,12585,Sugar Land Skeeters,34136,"Lane, J",315728,229,6,0.0262,https://baseball.pointstreak.com/team_stats.html?teamid=34136&seasonid=12585
ALPB- 2012,12585,York Revolution,3614,"x Gonzalez, D",288350,229,6,0.0262,https://baseball.pointstreak.com/team_stats.html?teamid=3614&seasonid=12585
ALPB - 2011,540,Long Island Ducks,3609,"Rodriguez, J",127680,304,8,0.0263,https://baseball.pointstreak.com/team_stats.html?teamid=3609&seasonid=540
ALPB- 2015,29210,Bridgeport Bluefish,3611,"Wessinger, M",964218,228,6,0.0263,https://baseball.pointstreak.com/team_stats.html?teamid=3611&seasonid=29210
ALPB - 2011,540,Camden Riversharks,3610,"Richar, D",1002633,341,9,0.0264,https://baseball.pointstreak.com/team_stats.html?teamid=3610&seasonid=540
ALPB- 2021,34146,York Revolution,3614,"Dotel, W",1745092,303,8,0.0264,https://baseball.pointstreak.com/team_stats.html?teamid=3614&seasonid=34146
ALPB- 2016,30100,Sugar Land Skeeters,34136,"Limonta, J",825220,227,6,0.0264,https://baseball.pointstreak.com/team_stats.html?teamid=34136&seasonid=30100
ALPB- 2014,28163,Somerset Patriots,3604,"Montanez, L",436367,491,13,0.0265,https://baseball.pointstreak.com/team_stats.html?teamid=3604&seasonid=28163
ALPB- 2013,21966,Bridgeport Bluefish,3611,"Lopez, L",45552,527,14,0.0266,https://baseball.pointstreak.com/team_stats.html?teamid=3611&seasonid=21966
ALPB- 2022,34154,York Revolution,3614,"Rodriguez, N",1750414,413,11,0.0266,https://baseball.pointstreak.com/team_stats.html?teamid=3614&seasonid=34154
ALPB- 2013,21966,York Revolution,3614,"Yan, R",454075,413,11,0.0266,https://baseball.pointstreak.com/team_stats.html?teamid=3614&seasonid=21966
ALPB - 2010,249,York Revolution,3614,"Pachot, J",53415,338,9,0.0266,https://baseball.pointstreak.com/team_stats.html?teamid=3614&seasonid=249
ALPB - 2011,540,Bridgeport Bluefish,3611,"Bankston, W",128329,450,12,0.0267,https://baseball.pointstreak.com/team_stats.html?teamid=3611&seasonid=540
ALPB- 2021,34146,High Point Rockers,163529,"Levy, S",1750511,300,8,0.0267,https://baseball.pointstreak.com/team_stats.html?teamid=163529&seasonid=34146
ALPB- 2021,34146,York Revolution,3614,"Gregorio, O",1695969,262,7,0.0267,https://baseball.pointstreak.com/team_stats.html?teamid=3614&seasonid=34146
ALPB- 2021,34146,Gastonia Honey Hunters,163528,"Osinski, M",1750604,262,7,0.0267,https://baseball.pointstreak.com/team_stats.html?teamid=163528&seasonid=34146
ALPB- 2013,21966,Sugar Land Skeeters,34136,"Bates, A",343909,448,12,0.0268,https://baseball.pointstreak.com/team_stats.html?teamid=34136&seasonid=21966
ALPB- 2014,28163,Somerset Patriots,3604,"Maysonet, E",598528,336,9,0.0268,https://baseball.pointstreak.com/team_stats.html?teamid=3604&seasonid=28163
ALPB- 2014,28163,Camden Riversharks,3610,"Albaladejo, M",534195,297,8,0.0269,https://baseball.pointstreak.com/team_stats.html?teamid=3610&seasonid=28163
ALPB- 2022,34154,Staten Island Ferry Hawks,163526,"Monge, J",1750634,260,7,0.0269,https://baseball.pointstreak.com/team_stats.html?teamid=163526&seasonid=34154
ALPB- 2014,28163,Camden Riversharks,3610,"Morales, J",774319,260,7,0.0269,https://baseball.pointstreak.com/team_stats.html?teamid=3610&seasonid=28163
ALPB- 2013,21966,Long Island Ducks,3609,"Henriquez, R",437438,260,7,0.0269,https://baseball.pointstreak.com/team_stats.html?teamid=3609&seasonid=21966
ALPB- 2012,12585,Southern Maryland Blue Crabs,3608,"Rios, K",333464,260,7,0.0269,https://baseball.pointstreak.com/team_stats.html?teamid=3608&seasonid=12585
ALPB- 2016,30100,Sugar Land Skeeters,34136,"Young, D",451249,445,12,0.027,https://baseball.pointstreak.com/team_stats.html?teamid=34136&seasonid=30100
ALPB- 2022,34154,York Revolution,3614,"Mesa, M",1750339,408,11,0.027,https://baseball.pointstreak.com/team_stats.html?teamid=3614&seasonid=34154
ALPB- 2023,34162,High Point Rockers,163529,"Martinez, M",1750290,333,9,0.027,https://baseball.pointstreak.com/team_stats.html?teamid=163529&seasonid=34162
ALPB- 2017,30757,Bridgeport Bluefish,3611,"Fields, D",1115672,296,8,0.027,https://baseball.pointstreak.com/team_stats.html?teamid=3611&seasonid=30757
ALPB- 2013,21966,Camden Riversharks,3610,"Young, D",451249,443,12,0.0271,https://baseball.pointstreak.com/team_stats.html?teamid=3610&seasonid=21966
ALPB- 2023,34162,Southern Maryland Blue Crabs,3608,"Lee, B",1750398,442,12,0.0271,https://baseball.pointstreak.com/team_stats.html?teamid=3608&seasonid=34162
ALPB- 2022,34154,Long Island Ducks,3609,"Mazzilli, L",1750041,369,10,0.0271,https://baseball.pointstreak.com/team_stats.html?teamid=3609&seasonid=34154
ALPB- 2012,12585,Sugar Land Skeeters,34136,"Moss, S",320714,295,8,0.0271,https://baseball.pointstreak.com/team_stats.html?teamid=34136&seasonid=12585
ALPB- 2019,34130,High Point Rockers,163529,"Russell, M",1750186,258,7,0.0271,https://baseball.pointstreak.com/team_stats.html?teamid=163529&seasonid=34130
ALPB- 2021,34146,Lexington Legends,163530,"Phillips, B",1750082,221,6,0.0271,https://baseball.pointstreak.com/team_stats.html?teamid=163530&seasonid=34146
ALPB- 2018,31284,York Revolution,3614,"Dotel, W",1260729,404,11,0.0272,https://baseball.pointstreak.com/team_stats.html?teamid=3614&seasonid=31284
ALPB- 2025,34102,Southern Maryland Blue Crabs,3608,"Wilson, E",1752595,367,10,0.0272,https://baseball.pointstreak.com/team_stats.html?teamid=3608&seasonid=34102
ALPB- 2023,34162,Lancaster Barnstormers,3613,"Robinson, T",1749702,294,8,0.0272,https://baseball.pointstreak.com/team_stats.html?teamid=3613&seasonid=34162
ALPB- 2021,34146,Lancaster Barnstormers,3613,"Robinson, T",1749702,294,8,0.0272,https://baseball.pointstreak.com/team_stats.html?teamid=3613&seasonid=34146
ALPB- 2013,21966,Somerset Patriots,3604,"Smith, C",367788,513,14,0.0273,https://baseball.pointstreak.com/team_stats.html?teamid=3604&seasonid=21966
ALPB- 2019,34130,Long Island Ducks,3609,"Nieuwenhuis, K",1750036,220,6,0.0273,https://baseball.pointstreak.com/team_stats.html?teamid=3609&seasonid=34130
ALPB- 2012,12585,York Revolution,3614,"Hernandez, M",619536,402,11,0.0274,https://baseball.pointstreak.com/team_stats.html?teamid=3614&seasonid=12585
ALPB- 2022,34154,Staten Island Ferry Hawks,163526,"Herrera, D",1750627,329,9,0.0274,https://baseball.pointstreak.com/team_stats.html?teamid=163526&seasonid=34154
ALPB- 2024,33927,Hagerstown Flying Boxcars,163525,"Berry, B",1705023,219,6,0.0274,https://baseball.pointstreak.com/team_stats.html?teamid=163525&seasonid=33927
ALPB- 2024,33927,Hagerstown Flying Boxcars,163525,"Hill, T",1729249,219,6,0.0274,https://baseball.pointstreak.com/team_stats.html?teamid=163525&seasonid=33927
ALPB- 2017,30757,Lancaster Barnstormers,3613,"Garner, C",1028969,219,6,0.0274,https://baseball.pointstreak.com/team_stats.html?teamid=3613&seasonid=30757
ALPB- 2019,34130,Lancaster Barnstormers,3613,"Terdoslavich, J",1750027,473,13,0.0275,https://baseball.pointstreak.com/team_stats.html?teamid=3613&seasonid=34130
ALPB- 2024,33927,Southern Maryland Blue Crabs,3608,"Broughton, J",1699804,436,12,0.0275,https://baseball.pointstreak.com/team_stats.html?teamid=3608&seasonid=33927
ALPB- 2019,34130,York Revolution,3614,"Castillo, H",1291787,400,11,0.0275,https://baseball.pointstreak.com/team_stats.html?teamid=3614&seasonid=34130
ALPB- 2017,30757,Lancaster Barnstormers,3613,"Robinson, T",1023534,327,9,0.0275,https://baseball.pointstreak.com/team_stats.html?teamid=3613&seasonid=30757
ALPB- 2022,34154,Southern Maryland Blue Crabs,3608,"Wielansky, M",1750712,255,7,0.0275,https://baseball.pointstreak.com/team_stats.html?teamid=3608&seasonid=34154
ALPB- 2025,34102,York Revolution,3614,"Alleyne, B",1759186,218,6,0.0275,https://baseball.pointstreak.com/team_stats.html?teamid=3614&seasonid=34102
ALPB- 2024,33927,High Point Rockers,163529,"x Wiel, Z",1696994,218,6,0.0275,https://baseball.pointstreak.com/team_stats.html?teamid=163529&seasonid=33927
ALPB- 2025,34102,Gastonia Ghost Peppers,163528,"Wylie, J",1750025,326,9,0.0276,https://baseball.pointstreak.com/team_stats.html?teamid=163528&seasonid=34102
ALPB- 2023,34162,York Revolution,3614,"Nuñez, J",1750720,254,7,0.0276,https://baseball.pointstreak.com/team_stats.html?teamid=3614&seasonid=34162
ALPB - 2011,540,Camden Riversharks,3610,"Turner, L",128488,433,12,0.0277,https://baseball.pointstreak.com/team_stats.html?teamid=3610&seasonid=540
ALPB- 2021,34146,Lancaster Barnstormers,3613,"De Aza, A",1711164,397,11,0.0277,https://baseball.pointstreak.com/team_stats.html?teamid=3613&seasonid=34146
ALPB- 2019,34130,Southern Maryland Blue Crabs,3608,"Benson, W",1750316,361,10,0.0277,https://baseball.pointstreak.com/team_stats.html?teamid=3608&seasonid=34130
ALPB- 2021,34146,High Point Rockers,163529,"Cardullo, S",1750033,325,9,0.0277,https://baseball.pointstreak.com/team_stats.html?teamid=163529&seasonid=34146
ALPB - 2010,249,Southern Maryland Blue Crabs,3608,"Lopez, C",45598,325,9,0.0277,https://baseball.pointstreak.com/team_stats.html?teamid=3608&seasonid=249
ALPB- 2022,34154,Southern Maryland Blue Crabs,3608,"Lee, B",1750398,432,12,0.0278,https://baseball.pointstreak.com/team_stats.html?teamid=3608&seasonid=34154
ALPB - 2011,540,Somerset Patriots,3604,"Nettles, J",46184,432,12,0.0278,https://baseball.pointstreak.com/team_stats.html?teamid=3604&seasonid=540
ALPB- 2012,12585,Sugar Land Skeeters,34136,"Mejia, M",305880,216,6,0.0278,https://baseball.pointstreak.com/team_stats.html?teamid=34136&seasonid=12585
ALPB- 2023,34162,High Point Rockers,163529,"Long, S",1751094,394,11,0.0279,https://baseball.pointstreak.com/team_stats.html?teamid=163529&seasonid=34162
ALPB- 2025,34102,Staten Island Ferry Hawks,163526,"Sandoval, P",1747317,322,9,0.028,https://baseball.pointstreak.com/team_stats.html?teamid=163526&seasonid=34102
ALPB- 2024,33927,York Revolution,3614,"x Casey, D",1695938,322,9,0.028,https://baseball.pointstreak.com/team_stats.html?teamid=3614&seasonid=33927
ALPB - 2010,249,Camden Riversharks,3610,"Padron, R",45787,321,9,0.028,https://baseball.pointstreak.com/team_stats.html?teamid=3610&seasonid=249
ALPB- 2015,29210,Somerset Patriots,3604,"Andino, R",784866,463,13,0.0281,https://baseball.pointstreak.com/team_stats.html?teamid=3604&seasonid=29210
ALPB- 2022,34154,Lancaster Barnstormers,3613,"Feliz, A",1750747,356,10,0.0281,https://baseball.pointstreak.com/team_stats.html?teamid=3613&seasonid=34154
ALPB- 2012,12585,Camden Riversharks,3610,"x Perez, E",292141,426,12,0.0282,https://baseball.pointstreak.com/team_stats.html?teamid=3610&seasonid=12585
ALPB- 2015,29210,Bridgeport Bluefish,3611,"Morales, J",807819,284,8,0.0282,https://baseball.pointstreak.com/team_stats.html?teamid=3611&seasonid=29210
ALPB- 2023,34162,Staten Island Ferry Hawks,163526,"Kueber, G",1751023,248,7,0.0282,https://baseball.pointstreak.com/team_stats.html?teamid=163526&seasonid=34162
ALPB- 2023,34162,Charleston Dirty Birds,163527,"Perez, J",1750841,248,7,0.0282,https://baseball.pointstreak.com/team_stats.html?teamid=163527&seasonid=34162
ALPB- 2015,29210,Camden Riversharks,3610,"Costanzo, M",766885,213,6,0.0282,https://baseball.pointstreak.com/team_stats.html?teamid=3610&seasonid=29210
ALPB- 2015,29210,Sugar Land Skeeters,34136,"x Young, D",451249,460,13,0.0283,https://baseball.pointstreak.com/team_stats.html?teamid=34136&seasonid=29210
ALPB- 2012,12585,Long Island Ducks,3609,"Williams, S",234913,353,10,0.0283,https://baseball.pointstreak.com/team_stats.html?teamid=3609&seasonid=12585
ALPB- 2017,30757,Sugar Land Skeeters,34136,"Pounds, B",792957,317,9,0.0284,https://baseball.pointstreak.com/team_stats.html?teamid=34136&seasonid=30757
ALPB- 2024,33927,York Revolution,3614,"Rhinesmith, J",1695941,421,12,0.0285,https://baseball.pointstreak.com/team_stats.html?teamid=3614&seasonid=33927
ALPB- 2016,30100,Somerset Patriots,3604,"Vidal, D",776862,316,9,0.0285,https://baseball.pointstreak.com/team_stats.html?teamid=3604&seasonid=30100
ALPB - 2011,540,York Revolution,3614,"x Majewski, V",45510,281,8,0.0285,https://baseball.pointstreak.com/team_stats.html?teamid=3614&seasonid=540
ALPB- 2013,21966,Bridgeport Bluefish,3611,"Chaves, B",428495,245,7,0.0286,https://baseball.pointstreak.com/team_stats.html?teamid=3611&seasonid=21966
ALPB- 2024,33927,Hagerstown Flying Boxcars,163525,"Culver, C",1700739,418,12,0.0287,https://baseball.pointstreak.com/team_stats.html?teamid=163525&seasonid=33927
ALPB- 2017,30757,Lancaster Barnstormers,3613,"Gindl, C",1111228,314,9,0.0287,https://baseball.pointstreak.com/team_stats.html?teamid=3613&seasonid=30757
ALPB - 2011,540,Long Island Ducks,3609,"Lyons, D",127728,244,7,0.0287,https://baseball.pointstreak.com/team_stats.html?teamid=3609&seasonid=540
ALPB- 2019,34130,York Revolution,3614,"Nash, T",824103,486,14,0.0288,https://baseball.pointstreak.com/team_stats.html?teamid=3614&seasonid=34130
ALPB- 2019,34130,Long Island Ducks,3609,"Frias, V",1084018,417,12,0.0288,https://baseball.pointstreak.com/team_stats.html?teamid=3609&seasonid=34130
ALPB - 2010,249,Somerset Patriots,3604,"Hagen, M",46182,417,12,0.0288,https://baseball.pointstreak.com/team_stats.html?teamid=3604&seasonid=249
ALPB- 2013,21966,Sugar Land Skeeters,34136,"Dominguez, J",680910,347,10,0.0288,https://baseball.pointstreak.com/team_stats.html?teamid=34136&seasonid=21966
ALPB- 2016,30100,Bridgeport Bluefish,3611,"Rodriguez, L",757218,243,7,0.0288,https://baseball.pointstreak.com/team_stats.html?teamid=3611&seasonid=30100
ALPB- 2015,29210,York Revolution,3614,"Valdez, W",584385,484,14,0.0289,https://baseball.pointstreak.com/team_stats.html?teamid=3614&seasonid=29210
ALPB- 2013,21966,Southern Maryland Blue Crabs,3608,"Osuna, R",440624,450,13,0.0289,https://baseball.pointstreak.com/team_stats.html?teamid=3608&seasonid=21966
ALPB- 2016,30100,New Britain Bees,107693,"Golson, G",950825,380,11,0.0289,https://baseball.pointstreak.com/team_stats.html?teamid=107693&seasonid=30100
ALPB- 2024,33927,High Point Rockers,163529,"Parreira, B",1696987,311,9,0.0289,https://baseball.pointstreak.com/team_stats.html?teamid=163529&seasonid=33927
ALPB- 2014,28163,Somerset Patriots,3604,"x Espino, D",605479,242,7,0.0289,https://baseball.pointstreak.com/team_stats.html?teamid=3604&seasonid=28163
ALPB- 2015,29210,Sugar Land Skeeters,34136,"Limonta, J",825220,276,8,0.029,https://baseball.pointstreak.com/team_stats.html?teamid=34136&seasonid=29210
ALPB- 2014,28163,Camden Riversharks,3610,"Julio-Ruiz, J",641440,377,11,0.0292,https://baseball.pointstreak.com/team_stats.html?teamid=3610&seasonid=28163
ALPB- 2013,21966,Camden Riversharks,3610,"Valdez, W",465650,342,10,0.0292,https://baseball.pointstreak.com/team_stats.html?teamid=3610&seasonid=21966
ALPB- 2015,29210,Sugar Land Skeeters,34136,"Dominguez, J",860715,205,6,0.0293,https://baseball.pointstreak.com/team_stats.html?teamid=34136&seasonid=29210
ALPB- 2014,28163,York Revolution,3614,"Valdez, W",584385,442,13,0.0294,https://baseball.pointstreak.com/team_stats.html?teamid=3614&seasonid=28163
ALPB - 2011,540,Lancaster Barnstormers,3613,"Watson, M",45654,272,8,0.0294,https://baseball.pointstreak.com/team_stats.html?teamid=3613&seasonid=540
ALPB - 2011,540,York Revolution,3614,"Rodriguez, L",45505,238,7,0.0294,https://baseball.pointstreak.com/team_stats.html?teamid=3614&seasonid=540
ALPB- 2019,34130,York Revolution,3614,"Sportman, J",1750356,204,6,0.0294,https://baseball.pointstreak.com/team_stats.html?teamid=3614&seasonid=34130
ALPB- 2014,28163,Lancaster Barnstormers,3613,"Batista, W",640855,204,6,0.0294,https://baseball.pointstreak.com/team_stats.html?teamid=3613&seasonid=28163
ALPB - 2010,249,Lancaster Barnstormers,3613,"Herr, A",45648,508,15,0.0295,https://baseball.pointstreak.com/team_stats.html?teamid=3613&seasonid=249
ALPB - 2011,540,Long Island Ducks,3609,"Binick, K",127675,373,11,0.0295,https://baseball.pointstreak.com/team_stats.html?teamid=3609&seasonid=540
ALPB- 2015,29210,Camden Riversharks,3610,"Guzman, C",250699,507,15,0.0296,https://baseball.pointstreak.com/team_stats.html?teamid=3610&seasonid=29210
ALPB- 2025,34102,York Revolution,3614,"Wehler, J",1746782,304,9,0.0296,https://baseball.pointstreak.com/team_stats.html?teamid=3614&seasonid=34102
ALPB- 2023,34162,Gastonia Honey Hunters,163528,"Washington, D",1698555,203,6,0.0296,https://baseball.pointstreak.com/team_stats.html?teamid=163528&seasonid=34162
ALPB- 2024,33927,Hagerstown Flying Boxcars,163525,"Campagna, J",1708131,203,6,0.0296,https://baseball.pointstreak.com/team_stats.html?teamid=163525&seasonid=33927
ALPB- 2013,21966,Southern Maryland Blue Crabs,3608,"Julio-Ruiz, J",441595,471,14,0.0297,https://baseball.pointstreak.com/team_stats.html?teamid=3608&seasonid=21966
ALPB- 2013,21966,Southern Maryland Blue Crabs,3608,"Barton, B",294948,370,11,0.0297,https://baseball.pointstreak.com/team_stats.html?teamid=3608&seasonid=21966
ALPB- 2018,31284,York Revolution,3614,"Witherspoon, T",942013,337,10,0.0297,https://baseball.pointstreak.com/team_stats.html?teamid=3614&seasonid=31284
ALPB- 2025,34102,Gastonia Ghost Peppers,163528,"Crook, N",1748845,269,8,0.0297,https://baseball.pointstreak.com/team_stats.html?teamid=163528&seasonid=34102
ALPB- 2025,34102,York Revolution,3614,"Simoneit, W",1747892,236,7,0.0297,https://baseball.pointstreak.com/team_stats.html?teamid=3614&seasonid=34102
ALPB- 2022,34154,York Revolution,3614,"Franco, C",1750343,369,11,0.0298,https://baseball.pointstreak.com/team_stats.html?teamid=3614&seasonid=34154
ALPB- 2015,29210,Southern Maryland Blue Crabs,3608,"Opitz, J",773330,302,9,0.0298,https://baseball.pointstreak.com/team_stats.html?teamid=3608&seasonid=29210
ALPB- 2022,34154,Charleston Dirty Birds,163527,"Longhi, N",1750850,201,6,0.0299,https://baseball.pointstreak.com/team_stats.html?teamid=163527&seasonid=34154
ALPB- 2013,21966,Lancaster Barnstormers,3613,"x Gailen, B",290236,434,13,0.03,https://baseball.pointstreak.com/team_stats.html?teamid=3613&seasonid=21966
ALPB- 2025,34102,Staten Island Ferry Hawks,163526,"Martorano, B",1747544,300,9,0.03,https://baseball.pointstreak.com/team_stats.html?teamid=163526&seasonid=34102
ALPB- 2025,34102,Lexington Legends,163530,"Terry, C",1744116,332,10,0.0301,https://baseball.pointstreak.com/team_stats.html?teamid=163530&seasonid=34102
ALPB- 2017,30757,Somerset Patriots,3604,"Gonzalez, Y",960128,299,9,0.0301,https://baseball.pointstreak.com/team_stats.html?teamid=3604&seasonid=30757
ALPB - 2011,540,Camden Riversharks,3610,"Burgamy, B",1127208,398,12,0.0302,https://baseball.pointstreak.com/team_stats.html?teamid=3610&seasonid=540
ALPB- 2012,12585,Bridgeport Bluefish,3611,"Rodriguez, L",45549,364,11,0.0302,https://baseball.pointstreak.com/team_stats.html?teamid=3611&seasonid=12585
ALPB - 2011,540,Somerset Patriots,3604,"Hagen, M",46182,331,10,0.0302,https://baseball.pointstreak.com/team_stats.html?teamid=3604&seasonid=540
ALPB- 2016,30100,Long Island Ducks,3609,"Gotay, R",981800,363,11,0.0303,https://baseball.pointstreak.com/team_stats.html?teamid=3609&seasonid=30100
ALPB- 2012,12585,Somerset Patriots,3604,"DeGeorge, D",153111,264,8,0.0303,https://baseball.pointstreak.com/team_stats.html?teamid=3604&seasonid=12585
ALPB- 2021,34146,Gastonia Honey Hunters,163528,"Geraldo, M",1695409,231,7,0.0303,https://baseball.pointstreak.com/team_stats.html?teamid=163528&seasonid=34146
ALPB - 2011,540,Long Island Ducks,3609,"Navarrete, R",127672,492,15,0.0305,https://baseball.pointstreak.com/team_stats.html?teamid=3609&seasonid=540
ALPB- 2022,34154,Charleston Dirty Birds,163527,"Goris, D",1750840,295,9,0.0305,https://baseball.pointstreak.com/team_stats.html?teamid=163527&seasonid=34154
ALPB- 2022,34154,York Revolution,3614,"Reyes, E",885062,490,15,0.0306,https://baseball.pointstreak.com/team_stats.html?teamid=3614&seasonid=34154
ALPB- 2019,34130,Sugar Land Skeeters,34136,"Borenstein, Z",1750274,360,11,0.0306,https://baseball.pointstreak.com/team_stats.html?teamid=34136&seasonid=34130
ALPB- 2016,30100,Lancaster Barnstormers,3613,"McDade, M",828520,424,13,0.0307,https://baseball.pointstreak.com/team_stats.html?teamid=3613&seasonid=30100
ALPB- 2021,34146,Charleston Dirty Birds,163527,"Espinal, E",1750105,358,11,0.0307,https://baseball.pointstreak.com/team_stats.html?teamid=163527&seasonid=34146
ALPB- 2015,29210,Camden Riversharks,3610,"x Strieby, R",445485,326,10,0.0307,https://baseball.pointstreak.com/team_stats.html?teamid=3610&seasonid=29210
ALPB- 2023,34162,Spire City Ghost Hounds,165441,"Paredes, J",1716478,293,9,0.0307,https://baseball.pointstreak.com/team_stats.html?teamid=165441&seasonid=34162
ALPB- 2021,34146,Long Island Ducks,3609,"Frias, V",1084018,357,11,0.0308,https://baseball.pointstreak.com/team_stats.html?teamid=3609&seasonid=34146
ALPB- 2019,34130,New Britain Bees,107693,"Martínez, O",1750201,357,11,0.0308,https://baseball.pointstreak.com/team_stats.html?teamid=107693&seasonid=34130
ALPB- 2014,28163,Lancaster Barnstormers,3613,"Apodaca, J",612852,260,8,0.0308,https://baseball.pointstreak.com/team_stats.html?teamid=3613&seasonid=28163
ALPB- 2025,34102,Lancaster Stormers,3613,"Coca, Y",1745308,291,9,0.0309,https://baseball.pointstreak.com/team_stats.html?teamid=3613&seasonid=34102
ALPB- 2014,28163,Somerset Patriots,3604,"Eggleston, A",415718,259,8,0.0309,https://baseball.pointstreak.com/team_stats.html?teamid=3604&seasonid=28163
ALPB- 2014,28163,Camden Riversharks,3610,"MacPhee, Z",605204,451,14,0.031,https://baseball.pointstreak.com/team_stats.html?teamid=3610&seasonid=28163
ALPB- 2021,34146,Charleston Dirty Birds,163527,"Liriano, R",1750103,290,9,0.031,https://baseball.pointstreak.com/team_stats.html?teamid=163527&seasonid=34146
ALPB- 2019,34130,Southern Maryland Blue Crabs,3608,"Martinez, F",1228390,226,7,0.031,https://baseball.pointstreak.com/team_stats.html?teamid=3608&seasonid=34130
ALPB- 2025,34102,Charleston Dirty Birds,163527,"Womack, A",1762262,386,12,0.0311,https://baseball.pointstreak.com/team_stats.html?teamid=163527&seasonid=34102
ALPB- 2018,31284,Somerset Patriots,3604,"Flores, R",1286951,225,7,0.0311,https://baseball.pointstreak.com/team_stats.html?teamid=3604&seasonid=31284
ALPB- 2014,28163,Camden Riversharks,3610,"Chaves, B",600232,225,7,0.0311,https://baseball.pointstreak.com/team_stats.html?teamid=3610&seasonid=28163
ALPB - 2011,540,Road Warriors,12699,"Gutierrez, V",129005,225,7,0.0311,https://baseball.pointstreak.com/team_stats.html?teamid=12699&seasonid=540
ALPB- 2014,28163,Bridgeport Bluefish,3611,"Castro, R",577198,480,15,0.0312,https://baseball.pointstreak.com/team_stats.html?teamid=3611&seasonid=28163
ALPB- 2022,34154,Staten Island Ferry Hawks,163526,"Aguilar, A",1750629,417,13,0.0312,https://baseball.pointstreak.com/team_stats.html?teamid=163526&seasonid=34154
ALPB- 2013,21966,Long Island Ducks,3609,"Barfield, J",425731,352,11,0.0312,https://baseball.pointstreak.com/team_stats.html?teamid=3609&seasonid=21966
ALPB- 2017,30757,Sugar Land Skeeters,34136,"Rodriguez, W",963282,288,9,0.0312,https://baseball.pointstreak.com/team_stats.html?teamid=34136&seasonid=30757
ALPB- 2014,28163,Camden Riversharks,3610,"x Strieby, R",445485,256,8,0.0312,https://baseball.pointstreak.com/team_stats.html?teamid=3610&seasonid=28163
ALPB - 2011,540,Road Warriors,12699,"x Zazueta, A",129004,319,10,0.0313,https://baseball.pointstreak.com/team_stats.html?teamid=12699&seasonid=540
ALPB- 2016,30100,New Britain Bees,107693,"Maddox, C",1390953,510,16,0.0314,https://baseball.pointstreak.com/team_stats.html?teamid=107693&seasonid=30100
ALPB- 2015,29210,Long Island Ducks,3609,"x Sabatella, B",554297,382,12,0.0314,https://baseball.pointstreak.com/team_stats.html?teamid=3609&seasonid=29210
ALPB- 2016,30100,Lancaster Barnstormers,3613,"Bell, J",956607,476,15,0.0315,https://baseball.pointstreak.com/team_stats.html?teamid=3613&seasonid=30100
ALPB- 2015,29210,Bridgeport Bluefish,3611,"x Simmons, J",838995,222,7,0.0315,https://baseball.pointstreak.com/team_stats.html?teamid=3611&seasonid=29210
ALPB - 2011,540,Bridgeport Bluefish,3611,"Chavez, A",128328,315,10,0.0317,https://baseball.pointstreak.com/team_stats.html?teamid=3611&seasonid=540
ALPB- 2016,30100,Somerset Patriots,3604,"Guzman, C",250699,409,13,0.0318,https://baseball.pointstreak.com/team_stats.html?teamid=3604&seasonid=30100
ALPB- 2014,28163,Long Island Ducks,3609,"Harris, B",629240,409,13,0.0318,https://baseball.pointstreak.com/team_stats.html?teamid=3609&seasonid=28163
ALPB- 2024,33927,Long Island Ducks,3609,"McBroom, R",1748018,314,10,0.0318,https://baseball.pointstreak.com/team_stats.html?teamid=3609&seasonid=33927
ALPB- 2012,12585,York Revolution,3614,"Rodriguez, L",45505,220,7,0.0318,https://baseball.pointstreak.com/team_stats.html?teamid=3614&seasonid=12585
ALPB- 2017,30757,Sugar Land Skeeters,34136,"x Cordero, A",984703,345,11,0.0319,https://baseball.pointstreak.com/team_stats.html?teamid=34136&seasonid=30757
ALPB- 2012,12585,Lancaster Barnstormers,3613,"Godwin, A",290237,532,17,0.032,https://baseball.pointstreak.com/team_stats.html?teamid=3613&seasonid=12585
ALPB- 2016,30100,Long Island Ducks,3609,"Blanke, M",1569799,375,12,0.032,https://baseball.pointstreak.com/team_stats.html?teamid=3609&seasonid=30100
ALPB- 2013,21966,Lancaster Barnstormers,3613,"Molina, G",453050,281,9,0.032,https://baseball.pointstreak.com/team_stats.html?teamid=3613&seasonid=21966
ALPB- 2013,21966,Camden Riversharks,3610,"Pascucci, V",485485,250,8,0.032,https://baseball.pointstreak.com/team_stats.html?teamid=3610&seasonid=21966
ALPB- 2023,34162,York Revolution,3614,"Pantoja, A",1726156,219,7,0.032,https://baseball.pointstreak.com/team_stats.html?teamid=3614&seasonid=34162
ALPB- 2017,30757,Long Island Ducks,3609,"Reyes, E",885062,467,15,0.0321,https://baseball.pointstreak.com/team_stats.html?teamid=3609&seasonid=30757
ALPB- 2017,30757,York Revolution,3614,"Burgess, M",1003699,436,14,0.0321,https://baseball.pointstreak.com/team_stats.html?teamid=3614&seasonid=30757
ALPB- 2016,30100,Sugar Land Skeeters,34136,"Scott, T",442667,405,13,0.0321,https://baseball.pointstreak.com/team_stats.html?teamid=34136&seasonid=30100
ALPB- 2023,34162,Lancaster Barnstormers,3613,"Loehr, T",1747595,280,9,0.0321,https://baseball.pointstreak.com/team_stats.html?teamid=3613&seasonid=34162
ALPB- 2025,34102,High Point Rockers,163529,"Mendoza, D",1746605,373,12,0.0322,https://baseball.pointstreak.com/team_stats.html?teamid=163529&seasonid=34102
ALPB- 2013,21966,Bridgeport Bluefish,3611,"x Mayora, D",437308,434,14,0.0323,https://baseball.pointstreak.com/team_stats.html?teamid=3611&seasonid=21966
ALPB- 2012,12585,Sugar Land Skeeters,34136,"Pressley, J",290835,433,14,0.0323,https://baseball.pointstreak.com/team_stats.html?teamid=34136&seasonid=12585
ALPB- 2017,30757,New Britain Bees,107693,"Griffin, J",1278868,403,13,0.0323,https://baseball.pointstreak.com/team_stats.html?teamid=107693&seasonid=30757
ALPB- 2019,34130,High Point Rockers,163529,"Latimore, F",1750161,402,13,0.0323,https://baseball.pointstreak.com/team_stats.html?teamid=163529&seasonid=34130
ALPB - 2011,540,Southern Maryland Blue Crabs,3608,"Pinckney, B",284998,372,12,0.0323,https://baseball.pointstreak.com/team_stats.html?teamid=3608&seasonid=540
ALPB- 2015,29210,Somerset Patriots,3604,"Donachie, A",289080,279,9,0.0323,https://baseball.pointstreak.com/team_stats.html?teamid=3604&seasonid=29210
ALPB- 2018,31284,Somerset Patriots,3604,"Rodriguez, A",1082832,432,14,0.0324,https://baseball.pointstreak.com/team_stats.html?teamid=3604&seasonid=31284
ALPB - 2010,249,Newark Bears,3612,"Everett, C",62140,340,11,0.0324,https://baseball.pointstreak.com/team_stats.html?teamid=3612&seasonid=249
ALPB- 2021,34146,Gastonia Honey Hunters,163528,"Rogers, J",1264796,339,11,0.0324,https://baseball.pointstreak.com/team_stats.html?teamid=163528&seasonid=34146
ALPB - 2011,540,Somerset Patriots,3604,"Cortez, F",128983,431,14,0.0325,https://baseball.pointstreak.com/team_stats.html?teamid=3604&seasonid=540
ALPB- 2025,34102,High Point Rockers,163529,"Burt, D",1762260,277,9,0.0325,https://baseball.pointstreak.com/team_stats.html?teamid=163529&seasonid=34102
ALPB- 2016,30100,Southern Maryland Blue Crabs,3608,"Flores, A",949273,246,8,0.0325,https://baseball.pointstreak.com/team_stats.html?teamid=3608&seasonid=30100
ALPB- 2016,30100,Southern Maryland Blue Crabs,3608,"Nelson, B",960108,491,16,0.0326,https://baseball.pointstreak.com/team_stats.html?teamid=3608&seasonid=30100
ALPB- 2017,30757,Southern Maryland Blue Crabs,3608,"Snyder, M",953407,460,15,0.0326,https://baseball.pointstreak.com/team_stats.html?teamid=3608&seasonid=30757
ALPB- 2024,33927,Gastonia Baseball Club,163528,"Stowers, J",1696445,399,13,0.0326,https://baseball.pointstreak.com/team_stats.html?teamid=163528&seasonid=33927
ALPB- 2014,28163,Camden Riversharks,3610,"Matera, P",289437,399,13,0.0326,https://baseball.pointstreak.com/team_stats.html?teamid=3610&seasonid=28163
ALPB- 2024,33927,High Point Rockers,163529,"Edwards, E",1696991,368,12,0.0326,https://baseball.pointstreak.com/team_stats.html?teamid=163529&seasonid=33927
ALPB- 2024,33927,Southern Maryland Blue Crabs,3608,"Williams, M",1710495,276,9,0.0326,https://baseball.pointstreak.com/team_stats.html?teamid=3608&seasonid=33927
ALPB- 2016,30100,Somerset Patriots,3604,"Gonzalez, Y",960128,276,9,0.0326,https://baseball.pointstreak.com/team_stats.html?teamid=3604&seasonid=30100
ALPB- 2015,29210,Sugar Land Skeeters,34136,"Osuna, R",585899,215,7,0.0326,https://baseball.pointstreak.com/team_stats.html?teamid=34136&seasonid=29210
ALPB - 2011,540,Somerset Patriots,3604,"Huber, J",128984,336,11,0.0327,https://baseball.pointstreak.com/team_stats.html?teamid=3604&seasonid=540
ALPB- 2012,12585,Long Island Ducks,3609,"Johnson, J",289116,275,9,0.0327,https://baseball.pointstreak.com/team_stats.html?teamid=3609&seasonid=12585
ALPB- 2017,30757,Somerset Patriots,3604,"Bortnick, T",1231242,245,8,0.0327,https://baseball.pointstreak.com/team_stats.html?teamid=3604&seasonid=30757
ALPB- 2024,33927,Charleston Dirty Birds,163527,"Estrada, R",1696212,366,12,0.0328,https://baseball.pointstreak.com/team_stats.html?teamid=163527&seasonid=33927
ALPB- 2012,12585,Camden Riversharks,3610,"x Feliz, P",321326,305,10,0.0328,https://baseball.pointstreak.com/team_stats.html?teamid=3610&seasonid=12585
ALPB- 2024,33927,Gastonia Baseball Club,163528,"Wylie, J",1697020,426,14,0.0329,https://baseball.pointstreak.com/team_stats.html?teamid=163528&seasonid=33927
ALPB- 2013,21966,Southern Maryland Blue Crabs,3608,"Salas, J",440621,395,13,0.0329,https://baseball.pointstreak.com/team_stats.html?teamid=3608&seasonid=21966
ALPB- 2017,30757,Southern Maryland Blue Crabs,3608,"Palmeiro, P",1100762,365,12,0.0329,https://baseball.pointstreak.com/team_stats.html?teamid=3608&seasonid=30757
ALPB- 2015,29210,Somerset Patriots,3604,"Neal, T",773332,334,11,0.0329,https://baseball.pointstreak.com/team_stats.html?teamid=3604&seasonid=29210
ALPB- 2016,30100,Bridgeport Bluefish,3611,"Nina, A",1131026,213,7,0.0329,https://baseball.pointstreak.com/team_stats.html?teamid=3611&seasonid=30100
ALPB- 2015,29210,Long Island Ducks,3609,"Lentini, F",582166,213,7,0.0329,https://baseball.pointstreak.com/team_stats.html?teamid=3609&seasonid=29210
ALPB - 2010,249,Bridgeport Bluefish,3611,"Redman, T",45557,213,7,0.0329,https://baseball.pointstreak.com/team_stats.html?teamid=3611&seasonid=249
ALPB- 2022,34154,Lexington Legends,163530,"Tejeda, I",951080,394,13,0.033,https://baseball.pointstreak.com/team_stats.html?teamid=163530&seasonid=34154
ALPB- 2014,28163,Southern Maryland Blue Crabs,3608,"x Zazueta, A",718915,394,13,0.033,https://baseball.pointstreak.com/team_stats.html?teamid=3608&seasonid=28163
ALPB- 2021,34146,York Revolution,3614,"Mesa, M",1750339,333,11,0.033,https://baseball.pointstreak.com/team_stats.html?teamid=3614&seasonid=34146
ALPB- 2023,34162,Southern Maryland Blue Crabs,3608,"Lee, K",1750988,303,10,0.033,https://baseball.pointstreak.com/team_stats.html?teamid=3608&seasonid=34162
ALPB- 2013,21966,Somerset Patriots,3604,"Baisley, J",436369,303,10,0.033,https://baseball.pointstreak.com/team_stats.html?teamid=3604&seasonid=21966
ALPB- 2014,28163,Long Island Ducks,3609,"Ford, L",127677,544,18,0.0331,https://baseball.pointstreak.com/team_stats.html?teamid=3609&seasonid=28163
ALPB- 2018,31284,Road Warriors,133094,"Gomez, E",1103203,362,12,0.0331,https://baseball.pointstreak.com/team_stats.html?teamid=133094&seasonid=31284
ALPB- 2017,30757,Long Island Ducks,3609,"Alfonzo, G",1110633,362,12,0.0331,https://baseball.pointstreak.com/team_stats.html?teamid=3609&seasonid=30757
ALPB- 2013,21966,Southern Maryland Blue Crabs,3608,"Sutil, W",440809,362,12,0.0331,https://baseball.pointstreak.com/team_stats.html?teamid=3608&seasonid=21966
ALPB- 2014,28163,Sugar Land Skeeters,34136,"Godwin, A",442671,332,11,0.0331,https://baseball.pointstreak.com/team_stats.html?teamid=34136&seasonid=28163
ALPB- 2021,34146,York Revolution,3614,"Herrera, J",1750418,242,8,0.0331,https://baseball.pointstreak.com/team_stats.html?teamid=3614&seasonid=34146
ALPB- 2016,30100,Long Island Ducks,3609,"Dowd, M",963286,331,11,0.0332,https://baseball.pointstreak.com/team_stats.html?teamid=3609&seasonid=30100
ALPB- 2017,30757,Southern Maryland Blue Crabs,3608,"Wilson, Z",1297419,301,10,0.0332,https://baseball.pointstreak.com/team_stats.html?teamid=3608&seasonid=30757
ALPB- 2013,21966,Camden Riversharks,3610,"Cesar, D",477057,301,10,0.0332,https://baseball.pointstreak.com/team_stats.html?teamid=3610&seasonid=21966
ALPB- 2024,33927,Hagerstown Flying Boxcars,163525,"Moorer, D",1697197,211,7,0.0332,https://baseball.pointstreak.com/team_stats.html?teamid=163525&seasonid=33927
ALPB- 2018,31284,New Britain Bees,107693,"Rogers, J",1264796,390,13,0.0333,https://baseball.pointstreak.com/team_stats.html?teamid=107693&seasonid=31284
ALPB- 2019,34130,Somerset Patriots,3604,"Navarro, R",1750230,300,10,0.0333,https://baseball.pointstreak.com/team_stats.html?teamid=3604&seasonid=34130
ALPB- 2018,31284,Road Warriors,133094,"x Silverio, A",1246934,270,9,0.0333,https://baseball.pointstreak.com/team_stats.html?teamid=133094&seasonid=31284
ALPB- 2019,34130,Somerset Patriots,3604,"Gonzalez, Y",960128,240,8,0.0333,https://baseball.pointstreak.com/team_stats.html?teamid=3604&seasonid=34130
ALPB- 2019,34130,Lancaster Barnstormers,3613,"Hood, D",1750296,210,7,0.0333,https://baseball.pointstreak.com/team_stats.html?teamid=3613&seasonid=34130
ALPB- 2013,21966,Southern Maryland Blue Crabs,3608,"Colina, A",440522,329,11,0.0334,https://baseball.pointstreak.com/team_stats.html?teamid=3608&seasonid=21966
ALPB- 2014,28163,Southern Maryland Blue Crabs,3608,"Ziegler, C",908628,478,16,0.0335,https://baseball.pointstreak.com/team_stats.html?teamid=3608&seasonid=28163
ALPB- 2023,34162,Lexington Counter Clocks,163530,"Brown, L",1751206,388,13,0.0335,https://baseball.pointstreak.com/team_stats.html?teamid=163530&seasonid=34162
ALPB - 2010,249,Camden Riversharks,3610,"x Haines, K",45793,358,12,0.0335,https://baseball.pointstreak.com/team_stats.html?teamid=3610&seasonid=249
ALPB- 2018,31284,Somerset Patriots,3604,"Massey, C",800008,328,11,0.0335,https://baseball.pointstreak.com/team_stats.html?teamid=3604&seasonid=31284
ALPB- 2015,29210,Bridgeport Bluefish,3611,"x Alonso, J",792248,387,13,0.0336,https://baseball.pointstreak.com/team_stats.html?teamid=3611&seasonid=29210
ALPB- 2017,30757,Somerset Patriots,3604,"Rosario, O",1083777,298,10,0.0336,https://baseball.pointstreak.com/team_stats.html?teamid=3604&seasonid=30757
ALPB- 2024,33927,Staten Island Ferry Hawks,163526,"Dunand, J",1697234,238,8,0.0336,https://baseball.pointstreak.com/team_stats.html?teamid=163526&seasonid=33927
ALPB- 2017,30757,Southern Maryland Blue Crabs,3608,"Garcia, E",1088827,534,18,0.0337,https://baseball.pointstreak.com/team_stats.html?teamid=3608&seasonid=30757
ALPB- 2022,34154,Kentucky Wild Health Genomes,165440,"Sierra, M",1750810,267,9,0.0337,https://baseball.pointstreak.com/team_stats.html?teamid=165440&seasonid=34154
ALPB- 2022,34154,High Point Rockers,163529,"Gulino, M",1750531,208,7,0.0337,https://baseball.pointstreak.com/team_stats.html?teamid=163529&seasonid=34154
ALPB- 2012,12585,Camden Riversharks,3610,"x Matera, P",289437,208,7,0.0337,https://baseball.pointstreak.com/team_stats.html?teamid=3610&seasonid=12585
ALPB- 2018,31284,New Britain Bees,107693,"Romero, D",1234788,444,15,0.0338,https://baseball.pointstreak.com/team_stats.html?teamid=107693&seasonid=31284
ALPB - 2010,249,Lancaster Barnstormers,3613,"Gutierrez, V",45646,266,9,0.0338,https://baseball.pointstreak.com/team_stats.html?teamid=3613&seasonid=249
ALPB- 2019,34130,Long Island Ducks,3609,"Cabrera, R",1750129,237,8,0.0338,https://baseball.pointstreak.com/team_stats.html?teamid=3609&seasonid=34130
ALPB- 2013,21966,Bridgeport Bluefish,3611,"Gomez, A",415657,472,16,0.0339,https://baseball.pointstreak.com/team_stats.html?teamid=3611&seasonid=21966
ALPB- 2023,34162,Long Island Ducks,3609,"DeCarlo, J",1750669,383,13,0.0339,https://baseball.pointstreak.com/team_stats.html?teamid=3609&seasonid=34162
ALPB - 2010,249,Bridgeport Bluefish,3611,"Jiannetti, J",45550,383,13,0.0339,https://baseball.pointstreak.com/team_stats.html?teamid=3611&seasonid=249
ALPB - 2010,249,York Revolution,3614,"Shanks, J",375161,530,18,0.034,https://baseball.pointstreak.com/team_stats.html?teamid=3614&seasonid=249
ALPB- 2017,30757,Long Island Ducks,3609,"Burg, A",1110277,382,13,0.034,https://baseball.pointstreak.com/team_stats.html?teamid=3609&seasonid=30757
ALPB- 2015,29210,Camden Riversharks,3610,"Matera, P",289437,382,13,0.034,https://baseball.pointstreak.com/team_stats.html?teamid=3610&seasonid=29210
ALPB- 2017,30757,Southern Maryland Blue Crabs,3608,"Alen, L",1222634,265,9,0.034,https://baseball.pointstreak.com/team_stats.html?teamid=3608&seasonid=30757
ALPB - 2011,540,Bridgeport Bluefish,3611,"Peterson, B",150503,235,8,0.034,https://baseball.pointstreak.com/team_stats.html?teamid=3611&seasonid=540
ALPB- 2012,12585,Sugar Land Skeeters,34136,"Bates, A",343909,206,7,0.034,https://baseball.pointstreak.com/team_stats.html?teamid=34136&seasonid=12585
ALPB - 2010,249,Long Island Ducks,3609,"Esquivel, M",45571,469,16,0.0341,https://baseball.pointstreak.com/team_stats.html?teamid=3609&seasonid=249
ALPB- 2019,34130,Long Island Ducks,3609,"Sánchez, H",1749710,352,12,0.0341,https://baseball.pointstreak.com/team_stats.html?teamid=3609&seasonid=34130
ALPB- 2023,34162,Charleston Dirty Birds,163527,"O'Conner, J",1750626,293,10,0.0341,https://baseball.pointstreak.com/team_stats.html?teamid=163527&seasonid=34162
ALPB- 2013,21966,Somerset Patriots,3604,"Donachie, A",289080,264,9,0.0341,https://baseball.pointstreak.com/team_stats.html?teamid=3604&seasonid=21966
ALPB - 2010,249,Long Island Ducks,3609,"x Mohr, D",45574,263,9,0.0342,https://baseball.pointstreak.com/team_stats.html?teamid=3609&seasonid=249
ALPB- 2017,30757,Southern Maryland Blue Crabs,3608,"Hoes, L",1150477,234,8,0.0342,https://baseball.pointstreak.com/team_stats.html?teamid=3608&seasonid=30757
ALPB- 2015,29210,Bridgeport Bluefish,3611,"Rodriguez, A",755528,437,15,0.0343,https://baseball.pointstreak.com/team_stats.html?teamid=3611&seasonid=29210
ALPB- 2017,30757,New Britain Bees,107693,"x Hinshaw, J",1338422,204,7,0.0343,https://baseball.pointstreak.com/team_stats.html?teamid=107693&seasonid=30757
ALPB - 2010,249,Southern Maryland Blue Crabs,3608,"Craig, M",46736,378,13,0.0344,https://baseball.pointstreak.com/team_stats.html?teamid=3608&seasonid=249
ALPB- 2023,34162,High Point Rockers,163529,"Parreira, B",1751106,320,11,0.0344,https://baseball.pointstreak.com/team_stats.html?teamid=163529&seasonid=34162
ALPB- 2021,34146,York Revolution,3614,"Castro, C",1750416,261,9,0.0345,https://baseball.pointstreak.com/team_stats.html?teamid=3614&seasonid=34146
ALPB- 2017,30757,Somerset Patriots,3604,"Rodriguez, A",1082832,405,14,0.0346,https://baseball.pointstreak.com/team_stats.html?teamid=3604&seasonid=30757
ALPB- 2014,28163,York Revolution,3614,"Paniagua, S",128770,289,10,0.0346,https://baseball.pointstreak.com/team_stats.html?teamid=3614&seasonid=28163
ALPB - 2011,540,York Revolution,3614,"Castro, R",49822,288,10,0.0347,https://baseball.pointstreak.com/team_stats.html?teamid=3614&seasonid=540
ALPB- 2022,34154,Long Island Ducks,3609,"Castro, C",1750416,202,7,0.0347,https://baseball.pointstreak.com/team_stats.html?teamid=3609&seasonid=34154
ALPB- 2014,28163,Somerset Patriots,3604,"Smith, C",367788,488,17,0.0348,https://baseball.pointstreak.com/team_stats.html?teamid=3604&seasonid=28163
ALPB- 2019,34130,Lancaster Barnstormers,3613,"Bell, J",1749705,287,10,0.0348,https://baseball.pointstreak.com/team_stats.html?teamid=3613&seasonid=34130
ALPB- 2013,21966,Lancaster Barnstormers,3613,"Rosario, O",440363,515,18,0.035,https://baseball.pointstreak.com/team_stats.html?teamid=3613&seasonid=21966
ALPB- 2015,29210,Southern Maryland Blue Crabs,3608,"Wilson, Z",1297419,484,17,0.0351,https://baseball.pointstreak.com/team_stats.html?teamid=3608&seasonid=29210
ALPB- 2018,31284,Long Island Ducks,3609,"Valdespin, J",1239366,456,16,0.0351,https://baseball.pointstreak.com/team_stats.html?teamid=3609&seasonid=31284
ALPB- 2012,12585,York Revolution,3614,"Scott, T",442667,285,10,0.0351,https://baseball.pointstreak.com/team_stats.html?teamid=3614&seasonid=12585
ALPB- 2019,34130,Sugar Land Skeeters,34136,"Silverio, J",1490312,483,17,0.0352,https://baseball.pointstreak.com/team_stats.html?teamid=34136&seasonid=34130
ALPB- 2012,12585,Lancaster Barnstormers,3613,"Lentini, F",582166,539,19,0.0353,https://baseball.pointstreak.com/team_stats.html?teamid=3613&seasonid=12585
ALPB- 2019,34130,Southern Maryland Blue Crabs,3608,"Garcia, E",1088827,479,17,0.0355,https://baseball.pointstreak.com/team_stats.html?teamid=3608&seasonid=34130
ALPB - 2010,249,Somerset Patriots,3604,"Hall, N",46191,423,15,0.0355,https://baseball.pointstreak.com/team_stats.html?teamid=3604&seasonid=249
ALPB- 2015,29210,Southern Maryland Blue Crabs,3608,"Molina, G",598342,281,10,0.0356,https://baseball.pointstreak.com/team_stats.html?teamid=3608&seasonid=29210
ALPB- 2013,21966,York Revolution,3614,"Teahen, M",481021,281,10,0.0356,https://baseball.pointstreak.com/team_stats.html?teamid=3614&seasonid=21966
ALPB- 2012,12585,Camden Riversharks,3610,"Turner, L",128488,392,14,0.0357,https://baseball.pointstreak.com/team_stats.html?teamid=3610&seasonid=12585
ALPB - 2011,540,York Revolution,3614,"Shanks, J",375161,392,14,0.0357,https://baseball.pointstreak.com/team_stats.html?teamid=3614&seasonid=540
ALPB- 2025,34102,Lancaster Stormers,3613,"Carpenter, J",1745482,336,12,0.0357,https://baseball.pointstreak.com/team_stats.html?teamid=3613&seasonid=34102
ALPB- 2023,34162,Gastonia Honey Hunters,163528,"Terry, C",1744116,224,8,0.0357,https://baseball.pointstreak.com/team_stats.html?teamid=163528&seasonid=34162
ALPB- 2015,29210,Bridgeport Bluefish,3611,"Dotel, W",1260729,530,19,0.0358,https://baseball.pointstreak.com/team_stats.html?teamid=3611&seasonid=29210
ALPB- 2018,31284,Road Warriors,133094,"Rodriguez, M",1354986,391,14,0.0358,https://baseball.pointstreak.com/team_stats.html?teamid=133094&seasonid=31284
ALPB- 2019,34130,Somerset Patriots,3604,"Ohlman, M",1750038,362,13,0.0359,https://baseball.pointstreak.com/team_stats.html?teamid=3604&seasonid=34130
ALPB- 2016,30100,Long Island Ducks,3609,"Ford, L",127677,223,8,0.0359,https://baseball.pointstreak.com/team_stats.html?teamid=3609&seasonid=30100
ALPB- 2017,30757,Long Island Ducks,3609,"x Lentini, F",582166,278,10,0.036,https://baseball.pointstreak.com/team_stats.html?teamid=3609&seasonid=30757
ALPB- 2017,30757,Bridgeport Bluefish,3611,"Cuevas, J",430516,498,18,0.0361,https://baseball.pointstreak.com/team_stats.html?teamid=3611&seasonid=30757
ALPB- 2012,12585,Southern Maryland Blue Crabs,3608,"Gutierrez, J",367673,277,10,0.0361,https://baseball.pointstreak.com/team_stats.html?teamid=3608&seasonid=12585
ALPB - 2010,249,Newark Bears,3612,"Barton, B",65746,277,10,0.0361,https://baseball.pointstreak.com/team_stats.html?teamid=3612&seasonid=249
ALPB- 2019,34130,Somerset Patriots,3604,"Paredes, J",1716478,249,9,0.0361,https://baseball.pointstreak.com/team_stats.html?teamid=3604&seasonid=34130
ALPB- 2016,30100,Lancaster Barnstormers,3613,"x Cutler, C",857457,249,9,0.0361,https://baseball.pointstreak.com/team_stats.html?teamid=3613&seasonid=30100
ALPB- 2016,30100,New Britain Bees,107693,"Carrillo, S",964708,276,10,0.0362,https://baseball.pointstreak.com/team_stats.html?teamid=107693&seasonid=30100
ALPB- 2024,33927,Charleston Dirty Birds,163527,"Barnum, K",1696568,468,17,0.0363,https://baseball.pointstreak.com/team_stats.html?teamid=163527&seasonid=33927
ALPB- 2012,12585,Southern Maryland Blue Crabs,3608,"Padgett, M",289527,439,16,0.0364,https://baseball.pointstreak.com/team_stats.html?teamid=3608&seasonid=12585
ALPB- 2022,34154,Gastonia Honey Hunters,163528,"Castro, L",1750921,330,12,0.0364,https://baseball.pointstreak.com/team_stats.html?teamid=163528&seasonid=34154
ALPB- 2018,31284,Southern Maryland Blue Crabs,3608,"x Martinez, T",1226786,330,12,0.0364,https://baseball.pointstreak.com/team_stats.html?teamid=3608&seasonid=31284
ALPB- 2022,34154,Lexington Legends,163530,"Marshall, J",1750774,438,16,0.0365,https://baseball.pointstreak.com/team_stats.html?teamid=163530&seasonid=34154
ALPB- 2024,33927,Charleston Dirty Birds,163527,"Pugh, T",1696569,383,14,0.0366,https://baseball.pointstreak.com/team_stats.html?teamid=163527&seasonid=33927
ALPB- 2015,29210,Lancaster Barnstormers,3613,"Zawadzki, L",613846,436,16,0.0367,https://baseball.pointstreak.com/team_stats.html?teamid=3613&seasonid=29210
ALPB- 2024,33927,Long Island Ducks,3609,"Castillo, I",1768379,300,11,0.0367,https://baseball.pointstreak.com/team_stats.html?teamid=3609&seasonid=33927
ALPB- 2018,31284,Somerset Patriots,3604,"Gonzalez, Y",960128,218,8,0.0367,https://baseball.pointstreak.com/team_stats.html?teamid=3604&seasonid=31284
ALPB- 2013,21966,Lancaster Barnstormers,3613,"Howard, K",440362,299,11,0.0368,https://baseball.pointstreak.com/team_stats.html?teamid=3613&seasonid=21966
ALPB- 2012,12585,Sugar Land Skeeters,34136,"Bell, B",290839,461,17,0.0369,https://baseball.pointstreak.com/team_stats.html?teamid=34136&seasonid=12585
ALPB- 2023,34162,York Revolution,3614,"Stokes, T",1750727,379,14,0.0369,https://baseball.pointstreak.com/team_stats.html?teamid=3614&seasonid=34162
ALPB- 2018,31284,New Britain Bees,107693,"Galvez, J",827601,405,15,0.037,https://baseball.pointstreak.com/team_stats.html?teamid=107693&seasonid=31284
ALPB - 2010,249,Somerset Patriots,3604,"Suarez, I",46187,297,11,0.037,https://baseball.pointstreak.com/team_stats.html?teamid=3604&seasonid=249
ALPB- 2018,31284,Southern Maryland Blue Crabs,3608,"Garcia, E",1088827,458,17,0.0371,https://baseball.pointstreak.com/team_stats.html?teamid=3608&seasonid=31284
ALPB- 2013,21966,Bridgeport Bluefish,3611,"Rodriguez, L",45549,323,12,0.0372,https://baseball.pointstreak.com/team_stats.html?teamid=3611&seasonid=21966
ALPB- 2014,28163,Camden Riversharks,3610,"x Gomez, Y",442791,293,11,0.0375,https://baseball.pointstreak.com/team_stats.html?teamid=3610&seasonid=28163
ALPB- 2018,31284,Sugar Land Skeeters,34136,"Cordero, A",984703,452,17,0.0376,https://baseball.pointstreak.com/team_stats.html?teamid=34136&seasonid=31284
ALPB- 2023,34162,York Revolution,3614,"Rivero, A",1751074,372,14,0.0376,https://baseball.pointstreak.com/team_stats.html?teamid=3614&seasonid=34162
ALPB- 2014,28163,Sugar Land Skeeters,34136,"Young, D",451249,530,20,0.0377,https://baseball.pointstreak.com/team_stats.html?teamid=34136&seasonid=28163
ALPB- 2016,30100,York Revolution,3614,"Guzman, J",1148243,503,19,0.0378,https://baseball.pointstreak.com/team_stats.html?teamid=3614&seasonid=30100
ALPB- 2022,34154,Long Island Ducks,3609,"DeCarlo, J",1750669,397,15,0.0378,https://baseball.pointstreak.com/team_stats.html?teamid=3609&seasonid=34154
ALPB- 2022,34154,High Point Rockers,163529,"Alfonzo, G",1110633,344,13,0.0378,https://baseball.pointstreak.com/team_stats.html?teamid=163529&seasonid=34154
ALPB- 2019,34130,York Revolution,3614,"Tejeda, I",951080,500,19,0.038,https://baseball.pointstreak.com/team_stats.html?teamid=3614&seasonid=34130
ALPB - 2010,249,Long Island Ducks,3609,"Monaghan, B",47462,237,9,0.038,https://baseball.pointstreak.com/team_stats.html?teamid=3609&seasonid=249
ALPB- 2016,30100,Sugar Land Skeeters,34136,"Rodriguez, W",963282,236,9,0.0381,https://baseball.pointstreak.com/team_stats.html?teamid=34136&seasonid=30100
ALPB - 2010,249,Lancaster Barnstormers,3613,"x Morris, J",45644,210,8,0.0381,https://baseball.pointstreak.com/team_stats.html?teamid=3613&seasonid=249
ALPB- 2017,30757,Somerset Patriots,3604,"Kelly, S",609388,340,13,0.0382,https://baseball.pointstreak.com/team_stats.html?teamid=3604&seasonid=30757
ALPB- 2016,30100,Lancaster Barnstormers,3613,"Jacobs, M",956827,288,11,0.0382,https://baseball.pointstreak.com/team_stats.html?teamid=3613&seasonid=30100
ALPB - 2011,540,Lancaster Barnstormers,3613,"x Herr, A",45648,366,14,0.0383,https://baseball.pointstreak.com/team_stats.html?teamid=3613&seasonid=540
ALPB - 2010,249,Somerset Patriots,3604,"Ayala, E",46188,366,14,0.0383,https://baseball.pointstreak.com/team_stats.html?teamid=3604&seasonid=249
ALPB - 2010,249,Somerset Patriots,3604,"Pressley, J",46185,339,13,0.0383,https://baseball.pointstreak.com/team_stats.html?teamid=3604&seasonid=249
ALPB- 2021,34146,Lancaster Barnstormers,3613,"Gailen, B",290236,287,11,0.0383,https://baseball.pointstreak.com/team_stats.html?teamid=3613&seasonid=34146
ALPB - 2010,249,Camden Riversharks,3610,"Olivares, T",64384,287,11,0.0383,https://baseball.pointstreak.com/team_stats.html?teamid=3610&seasonid=249
ALPB- 2016,30100,Lancaster Barnstormers,3613,"Ahrens, K",941124,469,18,0.0384,https://baseball.pointstreak.com/team_stats.html?teamid=3613&seasonid=30100
ALPB- 2017,30757,Bridgeport Bluefish,3611,"Galvez, J",827601,441,17,0.0385,https://baseball.pointstreak.com/team_stats.html?teamid=3611&seasonid=30757
ALPB- 2013,21966,Long Island Ducks,3609,"Navarrete, R",127672,364,14,0.0385,https://baseball.pointstreak.com/team_stats.html?teamid=3609&seasonid=21966
ALPB- 2012,12585,Long Island Ducks,3609,"Navarrete, R",127672,518,20,0.0386,https://baseball.pointstreak.com/team_stats.html?teamid=3609&seasonid=12585
ALPB- 2016,30100,Somerset Patriots,3604,"Farris, E",939543,492,19,0.0386,https://baseball.pointstreak.com/team_stats.html?teamid=3604&seasonid=30100
ALPB - 2011,540,Somerset Patriots,3604,"Ayala, E",46188,207,8,0.0386,https://baseball.pointstreak.com/team_stats.html?teamid=3604&seasonid=540
ALPB- 2022,34154,Lancaster Barnstormers,3613,"Cordero, A",1750753,542,21,0.0387,https://baseball.pointstreak.com/team_stats.html?teamid=3613&seasonid=34154
ALPB- 2023,34162,Lancaster Barnstormers,3613,"Cordero, A",1750753,490,19,0.0388,https://baseball.pointstreak.com/team_stats.html?teamid=3613&seasonid=34162
ALPB- 2015,29210,York Revolution,3614,"Paniagua, S",128770,258,10,0.0388,https://baseball.pointstreak.com/team_stats.html?teamid=3614&seasonid=29210
ALPB- 2018,31284,York Revolution,3614,"x Cuevas, J",430516,232,9,0.0388,https://baseball.pointstreak.com/team_stats.html?teamid=3614&seasonid=31284
ALPB- 2017,30757,York Revolution,3614,"Cruz, L",1129334,232,9,0.0388,https://baseball.pointstreak.com/team_stats.html?teamid=3614&seasonid=30757
ALPB- 2025,34102,Staten Island Ferry Hawks,163526,"Diaz, E",1747313,307,12,0.0391,https://baseball.pointstreak.com/team_stats.html?teamid=163526&seasonid=34102
ALPB - 2011,540,York Revolution,3614,"Herrera, J",150244,332,13,0.0392,https://baseball.pointstreak.com/team_stats.html?teamid=3614&seasonid=540
ALPB- 2013,21966,Lancaster Barnstormers,3613,"Ward, D",440364,306,12,0.0392,https://baseball.pointstreak.com/team_stats.html?teamid=3613&seasonid=21966
ALPB - 2011,540,Road Warriors,12699,"Nieblas, L",140957,255,10,0.0392,https://baseball.pointstreak.com/team_stats.html?teamid=12699&seasonid=540
ALPB- 2017,30757,York Revolution,3614,"Tejeda, I",951080,483,19,0.0393,https://baseball.pointstreak.com/team_stats.html?teamid=3614&seasonid=30757
ALPB- 2018,31284,Sugar Land Skeeters,34136,"Barnes, B",1249654,382,15,0.0393,https://baseball.pointstreak.com/team_stats.html?teamid=34136&seasonid=31284
ALPB- 2017,30757,Lancaster Barnstormers,3613,"x Frias, V",1084018,253,10,0.0395,https://baseball.pointstreak.com/team_stats.html?teamid=3613&seasonid=30757
ALPB- 2016,30100,Lancaster Barnstormers,3613,"x Whitaker, J",963901,228,9,0.0395,https://baseball.pointstreak.com/team_stats.html?teamid=3613&seasonid=30100
ALPB- 2012,12585,Lancaster Barnstormers,3613,"Everidge, T",128903,404,16,0.0396,https://baseball.pointstreak.com/team_stats.html?teamid=3613&seasonid=12585
ALPB- 2021,34146,Long Island Ducks,3609,"Flores, R",1750037,202,8,0.0396,https://baseball.pointstreak.com/team_stats.html?teamid=3609&seasonid=34146
ALPB- 2017,30757,York Revolution,3614,"Varona, D",1149977,202,8,0.0396,https://baseball.pointstreak.com/team_stats.html?teamid=3614&seasonid=30757
ALPB- 2014,28163,Long Island Ducks,3609,"Brodin, J",884890,503,20,0.0398,https://baseball.pointstreak.com/team_stats.html?teamid=3609&seasonid=28163
ALPB- 2017,30757,Long Island Ducks,3609,"Gotay, R",981800,226,9,0.0398,https://baseball.pointstreak.com/team_stats.html?teamid=3609&seasonid=30757
ALPB- 2023,34162,Lancaster Barnstormers,3613,"Garcia, W",1751035,350,14,0.04,https://baseball.pointstreak.com/team_stats.html?teamid=3613&seasonid=34162
ALPB- 2012,12585,Somerset Patriots,3604,"x Mathews, A",289087,250,10,0.04,https://baseball.pointstreak.com/team_stats.html?teamid=3604&seasonid=12585
ALPB- 2015,29210,Long Island Ducks,3609,"Griffin, J",1278868,349,14,0.0401,https://baseball.pointstreak.com/team_stats.html?teamid=3609&seasonid=29210
ALPB- 2014,28163,Bridgeport Bluefish,3611,"Martinez, J",541461,447,18,0.0403,https://baseball.pointstreak.com/team_stats.html?teamid=3611&seasonid=28163
ALPB - 2011,540,Somerset Patriots,3604,"Hernandez, M",619536,272,11,0.0404,https://baseball.pointstreak.com/team_stats.html?teamid=3604&seasonid=540
ALPB- 2014,28163,York Revolution,3614,"Limonta, J",825220,321,13,0.0405,https://baseball.pointstreak.com/team_stats.html?teamid=3614&seasonid=28163
ALPB- 2012,12585,Sugar Land Skeeters,34136,"Castro, O",290833,468,19,0.0406,https://baseball.pointstreak.com/team_stats.html?teamid=34136&seasonid=12585
ALPB - 2011,540,Long Island Ducks,3609,"Padgett, M",127673,418,17,0.0407,https://baseball.pointstreak.com/team_stats.html?teamid=3609&seasonid=540
ALPB- 2012,12585,Camden Riversharks,3610,"Colina, A",160647,270,11,0.0407,https://baseball.pointstreak.com/team_stats.html?teamid=3610&seasonid=12585
ALPB- 2019,34130,High Point Rockers,163529,"Gómez, H",1750157,464,19,0.0409,https://baseball.pointstreak.com/team_stats.html?teamid=163529&seasonid=34130
ALPB- 2013,21966,Bridgeport Bluefish,3611,"Redman, P",128333,464,19,0.0409,https://baseball.pointstreak.com/team_stats.html?teamid=3611&seasonid=21966
ALPB - 2010,249,Bridgeport Bluefish,3611,"Lopez, L",45552,416,17,0.0409,https://baseball.pointstreak.com/team_stats.html?teamid=3611&seasonid=249
ALPB- 2017,30757,Bridgeport Bluefish,3611,"Gil, J",1005107,269,11,0.0409,https://baseball.pointstreak.com/team_stats.html?teamid=3611&seasonid=30757
ALPB- 2012,12585,Somerset Patriots,3604,"Donachie, A",289080,269,11,0.0409,https://baseball.pointstreak.com/team_stats.html?teamid=3604&seasonid=12585
ALPB- 2014,28163,Somerset Patriots,3604,"Dominguez, J",680910,220,9,0.0409,https://baseball.pointstreak.com/team_stats.html?teamid=3604&seasonid=28163
ALPB- 2015,29210,Camden Riversharks,3610,"Guzman, J",1148243,488,20,0.041,https://baseball.pointstreak.com/team_stats.html?teamid=3610&seasonid=29210
ALPB- 2012,12585,Bridgeport Bluefish,3611,"x Peterson, B",150503,341,14,0.0411,https://baseball.pointstreak.com/team_stats.html?teamid=3611&seasonid=12585
ALPB- 2014,28163,Lancaster Barnstormers,3613,"Zawadzki, L",613846,484,20,0.0413,https://baseball.pointstreak.com/team_stats.html?teamid=3613&seasonid=28163
ALPB- 2013,21966,Sugar Land Skeeters,34136,"Pressley, J",290835,314,13,0.0414,https://baseball.pointstreak.com/team_stats.html?teamid=34136&seasonid=21966
ALPB- 2016,30100,Bridgeport Bluefish,3611,"Cuevas, J",430516,482,20,0.0415,https://baseball.pointstreak.com/team_stats.html?teamid=3611&seasonid=30100
ALPB- 2022,34154,Charleston Dirty Birds,163527,"Gonzalez, Y",960128,288,12,0.0417,https://baseball.pointstreak.com/team_stats.html?teamid=163527&seasonid=34154
ALPB- 2024,33927,Long Island Ducks,3609,"x Schwindel, F",1695408,240,10,0.0417,https://baseball.pointstreak.com/team_stats.html?teamid=3609&seasonid=33927
ALPB- 2018,31284,Lancaster Barnstormers,3613,"De La Rosa, A",1084017,240,10,0.0417,https://baseball.pointstreak.com/team_stats.html?teamid=3613&seasonid=31284
ALPB- 2019,34130,New Britain Bees,107693,"Rogers, J",1264796,478,20,0.0418,https://baseball.pointstreak.com/team_stats.html?teamid=107693&seasonid=34130
ALPB - 2011,540,York Revolution,3614,"Harrison, V",84295,431,18,0.0418,https://baseball.pointstreak.com/team_stats.html?teamid=3614&seasonid=540
ALPB - 2010,249,Long Island Ducks,3609,"Padgett, M",45568,287,12,0.0418,https://baseball.pointstreak.com/team_stats.html?teamid=3609&seasonid=249
ALPB- 2012,12585,Somerset Patriots,3604,"Carter, Y",143750,263,11,0.0418,https://baseball.pointstreak.com/team_stats.html?teamid=3604&seasonid=12585
ALPB- 2017,30757,Somerset Patriots,3604,"Guzman, C",250699,454,19,0.0419,https://baseball.pointstreak.com/team_stats.html?teamid=3604&seasonid=30757
ALPB- 2016,30100,New Britain Bees,107693,"Rosa, J",953475,547,23,0.042,https://baseball.pointstreak.com/team_stats.html?teamid=107693&seasonid=30100
ALPB- 2024,33927,Long Island Ducks,3609,"Antonini, A",1781256,356,15,0.0421,https://baseball.pointstreak.com/team_stats.html?teamid=3609&seasonid=33927
ALPB- 2017,30757,New Britain Bees,107693,"Maddox, C",1390953,519,22,0.0424,https://baseball.pointstreak.com/team_stats.html?teamid=107693&seasonid=30757
ALPB - 2010,249,Southern Maryland Blue Crabs,3608,"Osborn, P",45605,446,19,0.0426,https://baseball.pointstreak.com/team_stats.html?teamid=3608&seasonid=249
ALPB - 2011,540,Southern Maryland Blue Crabs,3608,"Barton, B",149239,329,14,0.0426,https://baseball.pointstreak.com/team_stats.html?teamid=3608&seasonid=540
ALPB - 2011,540,Long Island Ducks,3609,"Ford, L",127677,258,11,0.0426,https://baseball.pointstreak.com/team_stats.html?teamid=3609&seasonid=540
ALPB- 2012,12585,Camden Riversharks,3610,"Eigsti, J",222944,421,18,0.0428,https://baseball.pointstreak.com/team_stats.html?teamid=3610&seasonid=12585
ALPB- 2018,31284,Road Warriors,133094,"Julio-Ruiz, J",1280357,304,13,0.0428,https://baseball.pointstreak.com/team_stats.html?teamid=133094&seasonid=31284
ALPB- 2015,29210,Long Island Ducks,3609,"Blanke, M",1569799,326,14,0.0429,https://baseball.pointstreak.com/team_stats.html?teamid=3609&seasonid=29210
ALPB- 2024,33927,Hagerstown Flying Boxcars,163525,"Abreu, O",1697192,418,18,0.0431,https://baseball.pointstreak.com/team_stats.html?teamid=163525&seasonid=33927
ALPB - 2010,249,Somerset Patriots,3604,"Nettles, J",46184,324,14,0.0432,https://baseball.pointstreak.com/team_stats.html?teamid=3604&seasonid=249
ALPB - 2010,249,Camden Riversharks,3610,"Malec, C",45794,485,21,0.0433,https://baseball.pointstreak.com/team_stats.html?teamid=3610&seasonid=249
ALPB- 2013,21966,Long Island Ducks,3609,"Nelson, B",630227,483,21,0.0435,https://baseball.pointstreak.com/team_stats.html?teamid=3609&seasonid=21966
ALPB- 2017,30757,New Britain Bees,107693,"Walton, J",946842,414,18,0.0435,https://baseball.pointstreak.com/team_stats.html?teamid=107693&seasonid=30757
ALPB- 2013,21966,Bridgeport Bluefish,3611,"Carter, Y",428345,253,11,0.0435,https://baseball.pointstreak.com/team_stats.html?teamid=3611&seasonid=21966
ALPB- 2024,33927,Southern Maryland Blue Crabs,3608,"Brocato, A",1697269,390,17,0.0436,https://baseball.pointstreak.com/team_stats.html?teamid=3608&seasonid=33927
ALPB- 2019,34130,York Revolution,3614,"Dotel, W",1745092,480,21,0.0437,https://baseball.pointstreak.com/team_stats.html?teamid=3614&seasonid=34130
ALPB - 2010,249,York Revolution,3614,"Andrus, E",62715,342,15,0.0439,https://baseball.pointstreak.com/team_stats.html?teamid=3614&seasonid=249
ALPB- 2015,29210,Lancaster Barnstormers,3613,"Apodaca, J",612852,205,9,0.0439,https://baseball.pointstreak.com/team_stats.html?teamid=3613&seasonid=29210
ALPB- 2016,30100,Bridgeport Bluefish,3611,"Galvez, J",827601,318,14,0.044,https://baseball.pointstreak.com/team_stats.html?teamid=3611&seasonid=30100
ALPB- 2024,33927,Staten Island Ferry Hawks,163526,"Sandoval, P",1696398,475,21,0.0442,https://baseball.pointstreak.com/team_stats.html?teamid=163526&seasonid=33927
ALPB- 2019,34130,York Revolution,3614,"Nina, A",1131026,249,11,0.0442,https://baseball.pointstreak.com/team_stats.html?teamid=3614&seasonid=34130
ALPB- 2018,31284,Long Island Ducks,3609,"Ard, T",604683,361,16,0.0443,https://baseball.pointstreak.com/team_stats.html?teamid=3609&seasonid=31284
ALPB- 2016,30100,Bridgeport Bluefish,3611,"Dotel, W",1260729,361,16,0.0443,https://baseball.pointstreak.com/team_stats.html?teamid=3611&seasonid=30100
ALPB- 2015,29210,York Revolution,3614,"De La Cruz, L",787904,269,12,0.0446,https://baseball.pointstreak.com/team_stats.html?teamid=3614&seasonid=29210
ALPB- 2018,31284,Long Island Ducks,3609,"Lyons, D",127728,291,13,0.0447,https://baseball.pointstreak.com/team_stats.html?teamid=3609&seasonid=31284
ALPB- 2017,30757,Bridgeport Bluefish,3611,"x Burroughs, S",593795,335,15,0.0448,https://baseball.pointstreak.com/team_stats.html?teamid=3611&seasonid=30757
ALPB- 2021,34146,Charleston Dirty Birds,163527,"Gonzalez, Y",960128,223,10,0.0448,https://baseball.pointstreak.com/team_stats.html?teamid=163527&seasonid=34146
ALPB- 2018,31284,Long Island Ducks,3609,"Ford, L",127677,468,21,0.0449,https://baseball.pointstreak.com/team_stats.html?teamid=3609&seasonid=31284
ALPB- 2019,34130,New Britain Bees,107693,"Carp, C",1750199,200,9,0.045,https://baseball.pointstreak.com/team_stats.html?teamid=107693&seasonid=34130
ALPB - 2011,540,Long Island Ducks,3609,"House, J",127669,420,19,0.0452,https://baseball.pointstreak.com/team_stats.html?teamid=3609&seasonid=540
ALPB- 2021,34146,High Point Rockers,163529,"Alfonzo, G",1110633,352,16,0.0455,https://baseball.pointstreak.com/team_stats.html?teamid=163529&seasonid=34146
ALPB - 2010,249,Bridgeport Bluefish,3611,"Rodriguez, L",45549,373,17,0.0456,https://baseball.pointstreak.com/team_stats.html?teamid=3611&seasonid=249
ALPB - 2010,249,Long Island Ducks,3609,"Rodriguez, J",50454,329,15,0.0456,https://baseball.pointstreak.com/team_stats.html?teamid=3609&seasonid=249
ALPB- 2018,31284,New Britain Bees,107693,"x Tuiasosopo, M",1266104,219,10,0.0457,https://baseball.pointstreak.com/team_stats.html?teamid=107693&seasonid=31284
ALPB- 2013,21966,Somerset Patriots,3604,"Martinez-Esteve, E",429777,262,12,0.0458,https://baseball.pointstreak.com/team_stats.html?teamid=3604&seasonid=21966
ALPB- 2015,29210,Long Island Ducks,3609,"Ruiz, R",631526,238,11,0.0462,https://baseball.pointstreak.com/team_stats.html?teamid=3609&seasonid=29210
ALPB- 2012,12585,Southern Maryland Blue Crabs,3608,"Lopez, C",125429,281,13,0.0463,https://baseball.pointstreak.com/team_stats.html?teamid=3608&seasonid=12585
ALPB- 2014,28163,Bridgeport Bluefish,3611,"Lopez, L",45552,451,21,0.0466,https://baseball.pointstreak.com/team_stats.html?teamid=3611&seasonid=28163
ALPB- 2015,29210,Somerset Patriots,3604,"Vidal, D",776862,471,22,0.0467,https://baseball.pointstreak.com/team_stats.html?teamid=3604&seasonid=29210
ALPB- 2012,12585,Bridgeport Bluefish,3611,"Figueroa, L",337445,213,10,0.0469,https://baseball.pointstreak.com/team_stats.html?teamid=3611&seasonid=12585
ALPB- 2019,34130,Sugar Land Skeeters,34136,"Cordero, A",984703,357,17,0.0476,https://baseball.pointstreak.com/team_stats.html?teamid=34136&seasonid=34130
ALPB- 2018,31284,Southern Maryland Blue Crabs,3608,"Nina, A",1131026,315,15,0.0476,https://baseball.pointstreak.com/team_stats.html?teamid=3608&seasonid=31284
ALPB- 2013,21966,Camden Riversharks,3610,"Padron, R",289518,481,23,0.0478,https://baseball.pointstreak.com/team_stats.html?teamid=3610&seasonid=21966
ALPB- 2014,28163,York Revolution,3614,"x Castro, O",520679,356,17,0.0478,https://baseball.pointstreak.com/team_stats.html?teamid=3614&seasonid=28163
ALPB - 2010,249,York Revolution,3614,"Herrera, J",45507,472,23,0.0487,https://baseball.pointstreak.com/team_stats.html?teamid=3614&seasonid=249
ALPB- 2016,30100,Southern Maryland Blue Crabs,3608,"Molina, G",598342,205,10,0.0488,https://baseball.pointstreak.com/team_stats.html?teamid=3608&seasonid=30100
ALPB- 2014,28163,York Revolution,3614,"Nelson, B",630227,225,11,0.0489,https://baseball.pointstreak.com/team_stats.html?teamid=3614&seasonid=28163
ALPB - 2010,249,Long Island Ducks,3609,"Cancel, R",45564,388,19,0.049,https://baseball.pointstreak.com/team_stats.html?teamid=3609&seasonid=249
ALPB- 2023,34162,Spire City Ghost Hounds,165441,"Read, R",1751113,305,15,0.0492,https://baseball.pointstreak.com/team_stats.html?teamid=165441&seasonid=34162
ALPB - 2011,540,Long Island Ducks,3609,"Thon, F",127674,345,17,0.0493,https://baseball.pointstreak.com/team_stats.html?teamid=3609&seasonid=540
ALPB - 2011,540,Somerset Patriots,3604,"Pressley, J",46185,404,20,0.0495,https://baseball.pointstreak.com/team_stats.html?teamid=3604&seasonid=540
ALPB - 2010,249,Somerset Patriots,3604,"Belcher, J",39436,342,17,0.0497,https://baseball.pointstreak.com/team_stats.html?teamid=3604&seasonid=249
ALPB- 2014,28163,Somerset Patriots,3604,"Wright, T",581479,419,21,0.0501,https://baseball.pointstreak.com/team_stats.html?teamid=3604&seasonid=28163
ALPB- 2017,30757,Lancaster Barnstormers,3613,"x Weber, G",1089147,377,19,0.0504,https://baseball.pointstreak.com/team_stats.html?teamid=3613&seasonid=30757
ALPB - 2010,249,Newark Bears,3612,"Gress, R",67342,238,12,0.0504,https://baseball.pointstreak.com/team_stats.html?teamid=3612&seasonid=249
ALPB - 2010,249,York Revolution,3614,"Castro, R",49822,416,21,0.0505,https://baseball.pointstreak.com/team_stats.html?teamid=3614&seasonid=249
ALPB- 2019,34130,Somerset Patriots,3604,"Espinal, E",1750105,435,22,0.0506,https://baseball.pointstreak.com/team_stats.html?teamid=3604&seasonid=34130
ALPB- 2021,34146,Long Island Ducks,3609,"Mazzilli, L",1750041,373,19,0.0509,https://baseball.pointstreak.com/team_stats.html?teamid=3609&seasonid=34146
ALPB- 2022,34154,Long Island Ducks,3609,"Castillo, R",1750674,216,11,0.0509,https://baseball.pointstreak.com/team_stats.html?teamid=3609&seasonid=34154
ALPB- 2018,31284,Road Warriors,133094,"Valentin, G",1246936,372,19,0.0511,https://baseball.pointstreak.com/team_stats.html?teamid=133094&seasonid=31284
ALPB- 2014,28163,Southern Maryland Blue Crabs,3608,"x Murton, L",648224,290,15,0.0517,https://baseball.pointstreak.com/team_stats.html?teamid=3608&seasonid=28163
ALPB- 2012,12585,Long Island Ducks,3609,"Nelson, B",630227,520,27,0.0519,https://baseball.pointstreak.com/team_stats.html?teamid=3609&seasonid=12585
ALPB- 2015,29210,Sugar Land Skeeters,34136,"Zazueta, A",776576,385,20,0.0519,https://baseball.pointstreak.com/team_stats.html?teamid=34136&seasonid=29210
ALPB - 2010,249,Newark Bears,3612,"x Ward, D",47686,399,21,0.0526,https://baseball.pointstreak.com/team_stats.html?teamid=3612&seasonid=249
ALPB- 2016,30100,Southern Maryland Blue Crabs,3608,"Sanchez, A",1001920,282,15,0.0532,https://baseball.pointstreak.com/team_stats.html?teamid=3608&seasonid=30100
ALPB- 2016,30100,Southern Maryland Blue Crabs,3608,"Snyder, M",953407,336,18,0.0536,https://baseball.pointstreak.com/team_stats.html?teamid=3608&seasonid=30100
ALPB- 2015,29210,Lancaster Barnstormers,3613,"McDade, M",828520,279,15,0.0538,https://baseball.pointstreak.com/team_stats.html?teamid=3613&seasonid=29210
ALPB- 2013,21966,Long Island Ducks,3609,"Castro, R",438039,296,16,0.0541,https://baseball.pointstreak.com/team_stats.html?teamid=3609&seasonid=21966
ALPB- 2012,12585,Somerset Patriots,3604,"x Sanchez, Y",316127,307,17,0.0554,https://baseball.pointstreak.com/team_stats.html?teamid=3604&seasonid=12585
ALPB - 2010,249,York Revolution,3614,"Rodriguez, L",45505,460,26,0.0565,https://baseball.pointstreak.com/team_stats.html?teamid=3614&seasonid=249
ALPB- 2014,28163,Camden Riversharks,3610,"Van Kirk, B",631427,407,23,0.0565,https://baseball.pointstreak.com/team_stats.html?teamid=3610&seasonid=28163
ALPB- 2012,12585,Bridgeport Bluefish,3611,"Lopez, L",45552,472,27,0.0572,https://baseball.pointstreak.com/team_stats.html?teamid=3611&seasonid=12585
ALPB- 2017,30757,Bridgeport Bluefish,3611,"Nina, A",1131026,258,15,0.0581,https://baseball.pointstreak.com/team_stats.html?teamid=3611&seasonid=30757
ALPB- 2014,28163,Bridgeport Bluefish,3611,"Rodriguez, L",45549,327,20,0.0612,https://baseball.pointstreak.com/team_stats.html?teamid=3611&seasonid=28163
ALPB- 2017,30757,Lancaster Barnstormers,3613,"Clevenger, S",1161530,205,13,0.0634,https://baseball.pointstreak.com/team_stats.html?teamid=3613&seasonid=30757
ALPB- 2017,30757,Lancaster Barnstormers,3613,"Coronado, N",1391058,207,16,0.0773,https://baseball.pointstreak.com/team_stats.html?teamid=3613&seasonid=30757
